{
  "type": "FeatureCollection",
  "copyright": "The data included in this document is from www.openstreetmap.org. The data is made available under ODbL.",
  "timestamp": "2026-05-31T16:09:00Z",
  "features": [
    {
      "type": "Feature",
      "properties": {
        "@id": "node/75757805",
        "addr:city": "Stäfa",
        "addr:housenumber": "4",
        "addr:postcode": "8712",
        "addr:street": "Grundstrasse",
        "amenity": "pharmacy",
        "brand": "Fortis",
        "healthcare": "pharmacy",
        "name": "Apotheke zum Rebstock",
        "opening_hours": "Mo-Fr 08:00-12:30,13:30-18:30",
        "website": "https://apothekezumrebstock.ch/"
      },
      "geometry": {
        "type": "Point",
        "coordinates": [
          8.7262277,
          47.2409751
        ]
      },
      "id": "node/75757805"
    },
    {
      "type": "Feature",
      "properties": {
        "@id": "node/246249855",
        "addr:city": "Winterthur",
        "addr:country": "CH",
        "addr:housenumber": "39",
        "addr:postcode": "8400",
        "addr:street": "Untertor",
        "amenity": "pharmacy",
        "check_date": "2026-01-28",
        "check_date:opening_hours": "2025-08-27",
        "email": "apotheke.adler@amavita.ch",
        "name": "Adler-Apotheke",
        "opening_hours": "Mo-Fr 08:00-19:00; Sa 08:00-18:00; Su 10:00-17:00",
        "phone": "+41 58 878 34 51",
        "website": "https://www.amavita.ch/de/apotheke-finden/amavita-adler-apotheke",
        "wheelchair": "yes"
      },
      "geometry": {
        "type": "Point",
        "coordinates": [
          8.7242591,
          47.4990282
        ]
      },
      "id": "node/246249855"
    },
    {
      "type": "Feature",
      "properties": {
        "@id": "node/268127681",
        "amenity": "pharmacy",
        "check_date:opening_hours": "2026-04-24",
        "dispensing": "yes",
        "healthcare": "pharmacy",
        "name": "Bahnhof-Apotheke",
        "opening_hours": "Mo-Fr 08:00-12:00,13:00-18:30; Sa 08:00-12:00,13:00-17:00",
        "operator": "Dr. Stoffel",
        "website": "https://www.apotheke-drstoffel.ch/"
      },
      "geometry": {
        "type": "Point",
        "coordinates": [
          8.8160014,
          47.225295
        ]
      },
      "id": "node/268127681"
    },
    {
      "type": "Feature",
      "properties": {
        "@id": "node/271126763",
        "addr:city": "La Chaux-de-Fonds",
        "addr:country": "CH",
        "addr:housenumber": "1",
        "addr:postcode": "2300",
        "addr:street": "Rue de l'Industrie",
        "amenity": "pharmacy",
        "dispensing": "yes",
        "healthcare": "pharmacy",
        "name": "Pharmacie du Versoix"
      },
      "geometry": {
        "type": "Point",
        "coordinates": [
          6.8308798,
          47.1057348
        ]
      },
      "id": "node/271126763"
    },
    {
      "type": "Feature",
      "properties": {
        "@id": "node/274598851",
        "amenity": "pharmacy",
        "healthcare": "pharmacy",
        "name": "Hornstein",
        "wheelchair": "yes"
      },
      "geometry": {
        "type": "Point",
        "coordinates": [
          7.593537,
          47.4929297
        ]
      },
      "id": "node/274598851"
    },
    {
      "type": "Feature",
      "properties": {
        "@id": "node/279852807",
        "amenity": "pharmacy",
        "check_date:opening_hours": "2026-02-08",
        "dispensing": "yes",
        "level": "0",
        "name": "Bäumlihof Apotheke",
        "opening_hours": "Mo-Fr 08:00-12:15,13:30-18:30; Sa 08:00-16:00; PH closed",
        "website": "https://baeumlihof-apotheke.ch/",
        "wheelchair": "yes"
      },
      "geometry": {
        "type": "Point",
        "coordinates": [
          7.6189179,
          47.5656243
        ]
      },
      "id": "node/279852807"
    },
    {
      "type": "Feature",
      "properties": {
        "@id": "node/287262549",
        "addr:city": "Schwyz",
        "addr:country": "CH",
        "addr:housenumber": "6",
        "addr:postcode": "6430",
        "addr:street": "Postplatz",
        "amenity": "pharmacy",
        "contact:fax": "+41 41 8116416",
        "contact:phone": "+41 41 8115616",
        "dispensing": "yes",
        "drive_through": "no",
        "email": "hofmatt.apo@ovan.ch",
        "healthcare": "pharmacy",
        "name": "Hofmatt Apotheke",
        "source": "survey and website;local knowledge",
        "website": "https://www.hofmatt-apotheke.ch/"
      },
      "geometry": {
        "type": "Point",
        "coordinates": [
          8.6523296,
          47.0210267
        ]
      },
      "id": "node/287262549"
    },
    {
      "type": "Feature",
      "properties": {
        "@id": "node/291092160",
        "addr:city": "Yverdon-les-Bains",
        "addr:housenumber": "2",
        "addr:postcode": "1400",
        "addr:street": "Place Bel-Air",
        "amenity": "pharmacy",
        "brand": "Benu",
        "brand:wikidata": "Q62562792",
        "healthcare": "pharmacy",
        "name": "Benu",
        "opening_hours": "Mo-Fr 08:00-18:30; Sa 08:00-18:00",
        "wheelchair": "yes"
      },
      "geometry": {
        "type": "Point",
        "coordinates": [
          6.6371767,
          46.7803649
        ]
      },
      "id": "node/291092160"
    },
    {
      "type": "Feature",
      "properties": {
        "@id": "node/292360012",
        "amenity": "pharmacy",
        "check_date:opening_hours": "2022-10-24",
        "name": "Apotheke Aemisegger",
        "opening_hours": "Mo-Fr 08:00-18:30; Sa 08:00-16:00",
        "website": "https://www.aemisegger-apotheke.ch/"
      },
      "geometry": {
        "type": "Point",
        "coordinates": [
          9.1102435,
          47.5674526
        ]
      },
      "id": "node/292360012"
    },
    {
      "type": "Feature",
      "properties": {
        "@id": "node/299311870",
        "addr:city": "Grindelwald",
        "addr:country": "CH",
        "addr:housenumber": "101",
        "addr:postcode": "3818",
        "addr:street": "Dorfstrasse",
        "amenity": "pharmacy",
        "brand": "Coop Vitality",
        "brand:wikidata": "Q111725297",
        "check_date": "2026-03-20",
        "healthcare": "pharmacy",
        "name": "Coop Vitality",
        "phone": "+41 33 853 1055",
        "source": "survey"
      },
      "geometry": {
        "type": "Point",
        "coordinates": [
          8.035241,
          46.6242074
        ]
      },
      "id": "node/299311870"
    },
    {
      "type": "Feature",
      "properties": {
        "@id": "node/302828563",
        "addr:city": "Solothurn",
        "addr:housenumber": "53",
        "addr:postcode": "4500",
        "addr:street": "Hauptgasse",
        "alt_name": "TopPharm Hirsch Apotheke Solothurn",
        "amenity": "pharmacy",
        "branch": "Solothurn",
        "brand": "TopPharm",
        "check_date": "2025-09-19",
        "contact:email": "info@hirsch-apotheke.ch",
        "contact:fax": "+41 32 622 79 25",
        "contact:phone": "+41 32 622 32 86",
        "contact:website": "https://www.toppharm.ch/hirsch-solothurn",
        "dispensing": "yes",
        "healthcare": "pharmacy",
        "name": "TopPharm Hirsch Apotheke",
        "opening_hours": "Mo-Fr 08:00-12:00,13:30-18:30; Sa 08:00-16:00; PH off",
        "operator": "TopPharm Genossenschaft",
        "payment:american_express": "yes",
        "payment:coins": "yes",
        "payment:maestro": "yes",
        "payment:mastercard": "yes",
        "payment:notes": "yes",
        "payment:visa": "yes"
      },
      "geometry": {
        "type": "Point",
        "coordinates": [
          7.5374217,
          47.207909
        ]
      },
      "id": "node/302828563"
    },
    {
      "type": "Feature",
      "properties": {
        "@id": "node/306675570",
        "addr:city": "Echallens",
        "addr:housenumber": "3",
        "addr:postcode": "1040",
        "addr:street": "Place du Château",
        "amenity": "pharmacy",
        "dispensing": "yes",
        "email": "contact@pharmacie-echallens.ch",
        "emergency": "yes",
        "fax": "+41 21 883 00 71",
        "healthcare": "pharmacy",
        "name": "Pharmacie de l'Hôtel de Ville",
        "opening_hours": "Mo-Fr 08:00-18:30; Sa 08:00-17:00; Su 11:00-12:00",
        "operator:type": "private",
        "phone": "+41 21 883 00 70",
        "website": "https://www.pharmacie-echallens.ch/"
      },
      "geometry": {
        "type": "Point",
        "coordinates": [
          6.6316396,
          46.6412598
        ]
      },
      "id": "node/306675570"
    },
    {
      "type": "Feature",
      "properties": {
        "@id": "node/308131215",
        "addr:city": "Wädenswil",
        "addr:country": "CH",
        "addr:housenumber": "2",
        "addr:postcode": "8820",
        "addr:street": "Zugerstrasse",
        "alt_name": "Sun Store Wädenswil",
        "amenity": "pharmacy",
        "branch": "Wädenswil",
        "brand": "Sun Store SA",
        "brand:wikidata": "Q2365840",
        "name": "Sun Store",
        "operator": "GaleniCare",
        "website": "https://www.sunstore.ch/"
      },
      "geometry": {
        "type": "Point",
        "coordinates": [
          8.6734768,
          47.2299189
        ]
      },
      "id": "node/308131215"
    },
    {
      "type": "Feature",
      "properties": {
        "@id": "node/309966380",
        "amenity": "pharmacy",
        "dispensing": "no",
        "healthcare": "pharmacy",
        "name": "Pharmacie de Chavornay",
        "wheelchair": "yes"
      },
      "geometry": {
        "type": "Point",
        "coordinates": [
          6.5702624,
          46.7093183
        ]
      },
      "id": "node/309966380"
    },
    {
      "type": "Feature",
      "properties": {
        "@id": "node/312353274",
        "amenity": "pharmacy",
        "contact:phone": "+41 27 771 61 73",
        "contact:website": "www.pharmacieverbier.ch",
        "name": "Pharmacie des Combins"
      },
      "geometry": {
        "type": "Point",
        "coordinates": [
          7.2234867,
          46.0968706
        ]
      },
      "id": "node/312353274"
    },
    {
      "type": "Feature",
      "properties": {
        "@id": "node/314637086",
        "amenity": "pharmacy",
        "name": "Pharmacie de Bière-Capitole"
      },
      "geometry": {
        "type": "Point",
        "coordinates": [
          6.3327977,
          46.5378995
        ]
      },
      "id": "node/314637086"
    },
    {
      "type": "Feature",
      "properties": {
        "@id": "node/318530558",
        "amenity": "pharmacy",
        "dispensing": "yes",
        "name": "Drogerie Schilliger"
      },
      "geometry": {
        "type": "Point",
        "coordinates": [
          8.4274168,
          47.1403056
        ]
      },
      "id": "node/318530558"
    },
    {
      "type": "Feature",
      "properties": {
        "@id": "node/321870081",
        "addr:city": "Veyrier",
        "addr:postcode": "1255",
        "addr:street": "Route de Veyrier",
        "amenity": "pharmacy",
        "healthcare": "pharmacy",
        "name": "Pharmacie de Veyrier"
      },
      "geometry": {
        "type": "Point",
        "coordinates": [
          6.1823143,
          46.1682655
        ]
      },
      "id": "node/321870081"
    },
    {
      "type": "Feature",
      "properties": {
        "@id": "node/331314395",
        "addr:city": "Zürich",
        "addr:country": "CH",
        "addr:housenumber": "245",
        "addr:postcode": "8055",
        "addr:street": "Schweighofstrasse",
        "amenity": "pharmacy",
        "name": "West-Apotheke",
        "opening_hours": "Mo-Sa 08:15-12:15,13:30-18:30",
        "phone": "+41 44 463 70 80",
        "website": "https://website--836685969719036726410-pharmacy.business.site/"
      },
      "geometry": {
        "type": "Point",
        "coordinates": [
          8.5056635,
          47.3612769
        ]
      },
      "id": "node/331314395"
    },
    {
      "type": "Feature",
      "properties": {
        "@id": "node/338997424",
        "amenity": "pharmacy",
        "brand": "Amavita",
        "brand:website": "https://www.amavita.ch/",
        "brand:wikidata": "Q93733901",
        "dispensing": "yes",
        "healthcare": "pharmacy",
        "name": "Amavita",
        "opening_hours": "Mo-Fr 08:00-18:45; Sa 08:00-15:00",
        "phone": "+41 58 878 22 00"
      },
      "geometry": {
        "type": "Point",
        "coordinates": [
          6.5784858,
          46.5365802
        ]
      },
      "id": "node/338997424"
    },
    {
      "type": "Feature",
      "properties": {
        "@id": "node/354494336",
        "addr:city": "Uster",
        "addr:housenumber": "20",
        "addr:postcode": "8610",
        "addr:street": "Zürichstrasse",
        "alt_name": "DROPA Drogerie Apotheke Illuster",
        "amenity": "pharmacy",
        "branch": "Uster Illuster",
        "brand": "DROPA",
        "brand:wikidata": "Q1260273",
        "check_date": "2026-03-17",
        "check_date:opening_hours": "2026-03-17",
        "healthcare": "pharmacy",
        "level": "0",
        "name": "Dropa Illuster",
        "opening_hours": "Mo-Sa 08:30-20:00",
        "operator": "Dr. Bähler Dropa",
        "shop": "chemist",
        "website": "https://dropa.ch/standorte/dropa-drogerie-apotheke-illuster",
        "wheelchair": "yes"
      },
      "geometry": {
        "type": "Point",
        "coordinates": [
          8.7154192,
          47.3500042
        ]
      },
      "id": "node/354494336"
    },
    {
      "type": "Feature",
      "properties": {
        "@id": "node/356906567",
        "amenity": "pharmacy",
        "check_date": "2025-08-01",
        "check_date:opening_hours": "2024-09-08",
        "dispensing": "no",
        "healthcare": "pharmacy",
        "name": "Pharmacie de la Gare",
        "opening_hours": "Mo-Fr 07:00-20:30; Sa 08:00-20:30; Su,PH 08:30-20:30",
        "operator": "G. Blandin",
        "wheelchair": "yes"
      },
      "geometry": {
        "type": "Point",
        "coordinates": [
          6.936207,
          46.9968161
        ]
      },
      "id": "node/356906567"
    },
    {
      "type": "Feature",
      "properties": {
        "@id": "node/362690129",
        "addr:city": "Zürich",
        "addr:country": "CH",
        "addr:housenumber": "177",
        "addr:postcode": "8049",
        "addr:street": "Limmattalstrasse",
        "amenity": "pharmacy",
        "brand": "Rotpunkt Apotheke",
        "check_date": "2023-06-19",
        "check_date:opening_hours": "2024-02-24",
        "name": "Apotheke zum Meierhof",
        "opening_hours": "Mo-Fr 08:00-18:30; Sa 08:30-17:00",
        "operator": "Rotpunkt Pharma",
        "website": "https://www.haut-und-ernaehrung.ch/apotheke-zum-meierhof/",
        "wheelchair": "yes"
      },
      "geometry": {
        "type": "Point",
        "coordinates": [
          8.4996666,
          47.4017494
        ]
      },
      "id": "node/362690129"
    },
    {
      "type": "Feature",
      "properties": {
        "@id": "node/365929379",
        "amenity": "pharmacy",
        "changing_table": "yes",
        "check_date": "2026-05-12",
        "check_date:opening_hours": "2026-05-12",
        "dispensing": "yes",
        "healthcare": "pharmacy",
        "name": "Pharmacie Centrale",
        "opening_hours": "Mo-Fr 08:30-18:30; Sa 08:30-17:00",
        "wheelchair": "yes"
      },
      "geometry": {
        "type": "Point",
        "coordinates": [
          6.9295713,
          46.9917269
        ]
      },
      "id": "node/365929379"
    },
    {
      "type": "Feature",
      "properties": {
        "@id": "node/366036170",
        "amenity": "pharmacy",
        "contact:phone": "+41 33 654 14 37",
        "name": "Dropa Drogerie-Apotheke",
        "operator": "P. Neuenschwander",
        "wheelchair": "yes"
      },
      "geometry": {
        "type": "Point",
        "coordinates": [
          7.6770295,
          46.6892919
        ]
      },
      "id": "node/366036170"
    },
    {
      "type": "Feature",
      "properties": {
        "@id": "node/367106397",
        "amenity": "pharmacy",
        "check_date:currency:XBT": "2025-06-20",
        "currency:XBT": "yes",
        "dispensing": "yes",
        "healthcare": "pharmacy",
        "name": "Farmacia Semper Fidelis",
        "payment:lightning": "yes",
        "payment:lightning_contactless": "no",
        "payment:onchain": "no",
        "phone": "+41 91 970 19 90"
      },
      "geometry": {
        "type": "Point",
        "coordinates": [
          8.9664235,
          46.0118249
        ]
      },
      "id": "node/367106397"
    },
    {
      "type": "Feature",
      "properties": {
        "@id": "node/370588821",
        "addr:city": "Uster",
        "addr:floor": "0",
        "addr:housenumber": "10",
        "addr:postcode": "8610",
        "addr:street": "Bankstrasse",
        "alt_name": "Topwell Apotheke Bahnhof Uster",
        "amenity": "pharmacy",
        "branch": "Uster",
        "brand": "Medbase",
        "brand:wikidata": "Q50038690",
        "check_date": "2026-05-13",
        "check_date:opening_hours": "2026-05-13",
        "healthcare": "pharmacy",
        "name": "Medbase Apotheke Uster",
        "opening_hours": "Mo-Fr 08:00-19:00; Sa,Su,PH 08:00-18:00",
        "operator": "Medbase Apotheken",
        "phone": "+41 44 905 19 00",
        "website": "https://www.topwell.ch/medbaseapothekeuster/",
        "wheelchair": "yes"
      },
      "geometry": {
        "type": "Point",
        "coordinates": [
          8.7164275,
          47.3516449
        ]
      },
      "id": "node/370588821"
    },
    {
      "type": "Feature",
      "properties": {
        "@id": "node/374252319",
        "amenity": "pharmacy",
        "dispensing": "yes",
        "healthcare": "pharmacy",
        "name": "San Luca"
      },
      "geometry": {
        "type": "Point",
        "coordinates": [
          8.9540443,
          46.007242
        ]
      },
      "id": "node/374252319"
    },
    {
      "type": "Feature",
      "properties": {
        "@id": "node/379714379",
        "addr:city": "Zürich",
        "addr:country": "CH",
        "addr:housenumber": "44",
        "addr:postcode": "8038",
        "addr:street": "Albisstrasse",
        "amenity": "pharmacy",
        "branch": "Zürich Wollishofen",
        "brand": "TopPharm",
        "brand:wikidata": "Q110277794",
        "check_date": "2025-06-14",
        "check_date:opening_hours": "2025-06-14",
        "dispensing": "yes",
        "healthcare": "pharmacy",
        "name": "TopPharm",
        "opening_hours": "Mo-Fr 08:00-19:00, Sa 08:00-17:00",
        "operator": "TopPharm Genossenschaft",
        "website": "https://www.apotheke.ch/morgental",
        "wheelchair": "yes"
      },
      "geometry": {
        "type": "Point",
        "coordinates": [
          8.5298166,
          47.3438585
        ]
      },
      "id": "node/379714379"
    },
    {
      "type": "Feature",
      "properties": {
        "@id": "node/391370666",
        "amenity": "pharmacy",
        "dispensing": "yes",
        "healthcare": "pharmacy",
        "name": "Pharmacie Amavita La Harpe",
        "opening_hours": "Mo-Fr 08:00-18:30; Sa 08:00-14:00",
        "operator": "Amavita"
      },
      "geometry": {
        "type": "Point",
        "coordinates": [
          6.6256358,
          46.5120595
        ]
      },
      "id": "node/391370666"
    },
    {
      "type": "Feature",
      "properties": {
        "@id": "node/404330466",
        "addr:city": "Magden",
        "addr:country": "CH",
        "addr:housenumber": "1",
        "addr:postcode": "4312",
        "addr:street": "Hirschenweg",
        "amenity": "pharmacy",
        "branch": "Magden",
        "brand": "TopPharm",
        "dispensing": "yes",
        "healthcare": "pharmacy",
        "name": "TopPharm Hirschen Apotheke",
        "operator": "TopPharm Genossenschaft",
        "website": "https://www.apotheke.ch/hirschen"
      },
      "geometry": {
        "type": "Point",
        "coordinates": [
          7.8137754,
          47.5273059
        ]
      },
      "id": "node/404330466"
    },
    {
      "type": "Feature",
      "properties": {
        "@id": "node/415255089",
        "amenity": "pharmacy",
        "dispensing": "yes",
        "name": "Farmacia Pregassona"
      },
      "geometry": {
        "type": "Point",
        "coordinates": [
          8.9650003,
          46.0194498
        ]
      },
      "id": "node/415255089"
    },
    {
      "type": "Feature",
      "properties": {
        "@id": "node/416744143",
        "addr:city": "Lutry",
        "addr:country": "CH",
        "addr:housenumber": "2",
        "addr:postcode": "1095",
        "addr:street": "Route de l'Ancienne Ciblerie",
        "amenity": "pharmacy",
        "brand": "Sun Store SA",
        "brand:wikidata": "Q2365840",
        "dispensing": "yes",
        "email": "sun591cs@sunstore.ch",
        "fax": "+41 58 878 56 19",
        "healthcare": "pharmacy",
        "name": "Sun Store",
        "opening_hours": "Mo-Th 08:00-19:00;Fr 08:00-20:00;Sa 08:00-18:00",
        "payment:twint": "yes",
        "phone": "+41 58 878 56 10"
      },
      "geometry": {
        "type": "Point",
        "coordinates": [
          6.6884067,
          46.5055324
        ]
      },
      "id": "node/416744143"
    },
    {
      "type": "Feature",
      "properties": {
        "@id": "node/419164198",
        "amenity": "pharmacy",
        "dispensing": "no",
        "healthcare": "pharmacy",
        "name": "Pharmacie de Prélaz",
        "opening_hours": "Mo-Fr 08:00-19:00; Sa 08:00-17:00"
      },
      "geometry": {
        "type": "Point",
        "coordinates": [
          6.6127352,
          46.5266421
        ]
      },
      "id": "node/419164198"
    },
    {
      "type": "Feature",
      "properties": {
        "@id": "node/428887442",
        "addr:city": "Dietikon",
        "addr:housenumber": "21",
        "addr:postcode": "8953",
        "addr:street": "Löwenstrasse",
        "amenity": "pharmacy",
        "dispensing": "yes",
        "level": "0",
        "name": "City Apotheke Ruckstuhl",
        "opening_hours": "Mo-Th 08:00-18:30; Fr 08:00-19:00; Sa 08:00-16:00; PH closed",
        "wheelchair": "yes"
      },
      "geometry": {
        "type": "Point",
        "coordinates": [
          8.402993,
          47.4053583
        ]
      },
      "id": "node/428887442"
    },
    {
      "type": "Feature",
      "properties": {
        "@id": "node/432385070",
        "amenity": "pharmacy",
        "brand": "Sun Store",
        "brand:wikidata": "Q2365840",
        "healthcare": "pharmacy",
        "name": "Sun Store",
        "opening_hours": "Mo-Th 08:00-19:00; Fr 08:00-20:00; Sa 08:00-17:00"
      },
      "geometry": {
        "type": "Point",
        "coordinates": [
          6.5066408,
          46.6138024
        ]
      },
      "id": "node/432385070"
    },
    {
      "type": "Feature",
      "properties": {
        "@id": "node/434348272",
        "addr:city": "Ascona",
        "addr:country": "CH",
        "addr:housenumber": "28",
        "addr:postcode": "6612",
        "addr:street": "Via Borgo",
        "amenity": "pharmacy",
        "name": "Amavita Centro",
        "opening_hours": "Mo-Fr 08:30-12:30,13:30-18:30; Sa 08:30-12:30,13:30-17:00",
        "operator": "Amavita",
        "website": "https://www.amavita.ch/"
      },
      "geometry": {
        "type": "Point",
        "coordinates": [
          8.767642,
          46.1560169
        ]
      },
      "id": "node/434348272"
    },
    {
      "type": "Feature",
      "properties": {
        "@id": "node/444627832",
        "addr:city": "Männedorf",
        "addr:housenumber": "206",
        "addr:postcode": "8708",
        "addr:street": "Seestrasse",
        "amenity": "pharmacy",
        "branch": "Männedorf",
        "brand": "TopPharm",
        "brand:wikidata": "Q110277794",
        "healthcare": "pharmacy",
        "name": "TopPharm",
        "opening_hours": "Mo-Fr 07:45-18:30; Sa 08:00-16:00; PH,Su 10:00-12:00",
        "operator": "TopPharm Genossenschaft",
        "website": "https://www.apotheke.ch/see-maennedorf",
        "wheelchair": "yes"
      },
      "geometry": {
        "type": "Point",
        "coordinates": [
          8.6895271,
          47.2532533
        ]
      },
      "id": "node/444627832"
    },
    {
      "type": "Feature",
      "properties": {
        "@id": "node/446784541",
        "addr:city": "Zürich",
        "addr:country": "CH",
        "addr:housenumber": "119",
        "addr:postcode": "8005",
        "addr:street": "Limmatstrasse",
        "amenity": "pharmacy",
        "branch": "Zürich Industrie",
        "brand": "TopPharm",
        "brand:wikidata": "Q110277794",
        "check_date": "2026-01-08",
        "check_date:opening_hours": "2026-01-08",
        "healthcare": "pharmacy",
        "name": "TopPharm",
        "opening_hours": "Mo-Fr 08:00-19:00; Sa 08:30-17:00",
        "operator": "TopPharm Genossenschaft",
        "website": "https://www.apotheke.ch/limmatplatz",
        "wheelchair": "no"
      },
      "geometry": {
        "type": "Point",
        "coordinates": [
          8.5323405,
          47.3839118
        ]
      },
      "id": "node/446784541"
    },
    {
      "type": "Feature",
      "properties": {
        "@id": "node/453140258",
        "addr:city": "Döttingen",
        "addr:country": "CH",
        "addr:housenumber": "26",
        "addr:postcode": "5312",
        "addr:street": "Hauptstrasse",
        "amenity": "pharmacy",
        "check_date:opening_hours": "2025-09-19",
        "name": "Bahnhof-Apotheke und Drogerie Blumenthal",
        "opening_hours": "Mo-Fr 08:00-12:15,13:30-18:30; Sa 08:00-16:00",
        "operator": "Apotheke Blumenthal AG",
        "shop": "chemist",
        "website": "https://badd.ch/",
        "wheelchair": "yes"
      },
      "geometry": {
        "type": "Point",
        "coordinates": [
          8.2553498,
          47.5749015
        ]
      },
      "id": "node/453140258"
    },
    {
      "type": "Feature",
      "properties": {
        "@id": "node/461143916",
        "addr:city": "Ursy",
        "addr:postcode": "1670",
        "addr:street": "Route de Romont",
        "amenity": "pharmacy",
        "healthcare": "pharmacy",
        "name": "Pharmacie Ursy",
        "source": "survey"
      },
      "geometry": {
        "type": "Point",
        "coordinates": [
          6.8373835,
          46.634074
        ]
      },
      "id": "node/461143916"
    },
    {
      "type": "Feature",
      "properties": {
        "@id": "node/467165632",
        "amenity": "pharmacy",
        "name": "Pharmacie Raboud"
      },
      "geometry": {
        "type": "Point",
        "coordinates": [
          6.9486765,
          46.2524102
        ]
      },
      "id": "node/467165632"
    },
    {
      "type": "Feature",
      "properties": {
        "@id": "node/470530799",
        "amenity": "pharmacy",
        "brand": "Amavita",
        "brand:wikidata": "Q93733901",
        "healthcare": "pharmacy",
        "name": "Amavita",
        "opening_hours": "Mo 09:00-18:30; Tu-We,Fr  08:00-18:30; Th 08:00-20:00; Sa 08:00-16:00; Su off",
        "operator": "Stern Apotheke AG / Peter Althaus",
        "wheelchair": "yes"
      },
      "geometry": {
        "type": "Point",
        "coordinates": [
          7.2473919,
          47.1402495
        ]
      },
      "id": "node/470530799"
    },
    {
      "type": "Feature",
      "properties": {
        "@id": "node/471127243",
        "addr:city": "Lyss",
        "addr:housenumber": "6",
        "addr:postcode": "3250",
        "addr:street": "Bahnhofstrasse",
        "alt_name": "Apotheke-Bahnhof Lyss",
        "amenity": "pharmacy",
        "contact:addr": "Bahnhofstrasse 6, 3250 Lyss",
        "description": "Apotheke mit persönlicher Beratung und kurzen Bestellfristen",
        "dispensing": "yes",
        "drive_through": "no",
        "ele": "444",
        "email": "info@apo-lyss.ch",
        "healthcare": "pharmacy",
        "level": "0",
        "name": "Bahnhof-Apotheke",
        "opening_hours": "Mo-Fr 08:00-12:00, 13:30-18:30; Sa 08:00-16:00; Su off",
        "operator": "Bahnhof-Apotheke Lyss AG",
        "payment:cash": "yes",
        "payment:coins": "yes",
        "payment:credit_cards": "yes",
        "payment:debit_cards": "yes",
        "payment:maestro": "yes",
        "payment:mastercard": "yes",
        "payment:notes": "yes",
        "payment:twint": "yes",
        "payment:visa": "yes",
        "phone": "+41 32 384 13 70",
        "source": "survey and website",
        "website": "https://www.apo-lyss.ch/",
        "wheelchair": "yes"
      },
      "geometry": {
        "type": "Point",
        "coordinates": [
          7.3064999,
          47.0752006
        ]
      },
      "id": "node/471127243"
    },
    {
      "type": "Feature",
      "properties": {
        "@id": "node/479276397",
        "addr:city": "Burgdorf",
        "amenity": "pharmacy",
        "check_date:opening_hours": "2023-05-02",
        "dispensing": "yes",
        "healthcare": "pharmacy",
        "name": "Ryser",
        "opening_hours": "Mo-Fr 08:00-18:30; Sa 08:00-17:00"
      },
      "geometry": {
        "type": "Point",
        "coordinates": [
          7.6228517,
          47.0585944
        ]
      },
      "id": "node/479276397"
    },
    {
      "type": "Feature",
      "properties": {
        "@id": "node/489787442",
        "addr:city": "Bern",
        "addr:country": "CH",
        "addr:housenumber": "15",
        "addr:postcode": "3005",
        "addr:street": "Thunstrasse",
        "amenity": "pharmacy",
        "contact:email": "info@kirchenfeldapotheke.ch",
        "contact:emergency_phone": "+41 0900989900",
        "contact:fax": "+41 31 3515788",
        "contact:phone": "+41 31 3511780",
        "dispensing": "yes",
        "healthcare": "pharmacy",
        "name": "Kirchenfeld Apotheke",
        "opening_hours": "Mo-Fr 08:00-18:30; Sa 08:00-16:00",
        "website": "https://www.kirchenfeldapotheke.ch/"
      },
      "geometry": {
        "type": "Point",
        "coordinates": [
          7.4519886,
          46.9430736
        ]
      },
      "id": "node/489787442"
    },
    {
      "type": "Feature",
      "properties": {
        "@id": "node/499580163",
        "amenity": "pharmacy",
        "healthcare": "pharmacy",
        "name": "Capitole"
      },
      "geometry": {
        "type": "Point",
        "coordinates": [
          6.9382968,
          46.8215376
        ]
      },
      "id": "node/499580163"
    },
    {
      "type": "Feature",
      "properties": {
        "@id": "node/506478285",
        "amenity": "pharmacy",
        "brand": "Pill",
        "contact:phone": "+41 812528080",
        "dispensing": "yes",
        "healthcare": "pharmacy",
        "name": "Pill Apotheke Grischuna",
        "opening_hours": "Mo-Fr 08:00-18:30; Sa 09:00-16:00"
      },
      "geometry": {
        "type": "Point",
        "coordinates": [
          9.5317577,
          46.850961
        ]
      },
      "id": "node/506478285"
    },
    {
      "type": "Feature",
      "properties": {
        "@id": "node/529952255",
        "addr:city": "Bern",
        "addr:housenumber": "168",
        "addr:postcode": "3006",
        "addr:street": "Muristrasse",
        "alt_name": "TopPharm Egghölzli Apotheke",
        "amenity": "pharmacy",
        "brand": "TopPharm",
        "brand:wikidata": "Q110277794",
        "dispensing": "yes",
        "email": "info@egghoelzli.apotheke.ch",
        "healthcare": "pharmacy",
        "name": "Egghölzli Apotheke",
        "opening_hours": "Mo-Fr 08:00-12:30,14:00-18:30; Sa 08:00-12:30",
        "phone": "+41 31 351 10 20",
        "website": "http://www.egghoelzli.apotheke.ch"
      },
      "geometry": {
        "type": "Point",
        "coordinates": [
          7.4760279,
          46.9367745
        ]
      },
      "id": "node/529952255"
    },
    {
      "type": "Feature",
      "properties": {
        "@id": "node/538779680",
        "addr:city": "Bülach",
        "addr:housenumber": "21",
        "addr:postcode": "8180",
        "addr:street": "Bahnhofstrasse",
        "amenity": "pharmacy",
        "check_date": "2025-05-12",
        "drive_through": "no",
        "email": "info@bueli-apotheke.ch",
        "fax": "+41 44 860 39 10",
        "healthcare": "pharmacy",
        "name": "Büli Apotheke Parfumerie",
        "opening_hours": "Mo-Fr 08:00-18:30; Sa 08:00-17:00",
        "phone": "+41 44 860 72 11",
        "website": "https://www.bueli-apotheke.ch/",
        "wheelchair": "yes"
      },
      "geometry": {
        "type": "Point",
        "coordinates": [
          8.5392963,
          47.5210012
        ]
      },
      "id": "node/538779680"
    },
    {
      "type": "Feature",
      "properties": {
        "@id": "node/556051611",
        "addr:city": "Plan-les-Ouates",
        "addr:housenumber": "4",
        "addr:postcode": "1228",
        "addr:street": "Chemin de Vers",
        "amenity": "pharmacy",
        "dispensing": "yes",
        "healthcare": "pharmacy",
        "name": "Feelgood's",
        "opening_hours": "Mo-Fr 08:00-12:30,13:30-18:45; Sa 08:00-12:30,14:00-17:00",
        "wheelchair": "yes"
      },
      "geometry": {
        "type": "Point",
        "coordinates": [
          6.1211233,
          46.1689554
        ]
      },
      "id": "node/556051611"
    },
    {
      "type": "Feature",
      "properties": {
        "@id": "node/569039970",
        "addr:city": "Vevey",
        "addr:country": "CH",
        "addr:housenumber": "58",
        "addr:postcode": "1800",
        "addr:street": "Rue d'Italie",
        "amenity": "pharmacy",
        "brand": "Pharmacies BENU SA",
        "check_date": "2026-04-28",
        "email": "trois-couronnes@benu.ch",
        "fax": "+41 21 921 19 23",
        "healthcare": "pharmacy",
        "name": "Trois-Couronnes",
        "opening_hours": "Mo-Fr 08:00-18:30; Fr 08:00-17:00",
        "operator": "Valérie St-Lambert",
        "phone": "+41 21 921 03 05",
        "website": "https://www.benu.ch/fr/pharmacies/trois-couronnes/"
      },
      "geometry": {
        "type": "Point",
        "coordinates": [
          6.8479598,
          46.458714
        ]
      },
      "id": "node/569039970"
    },
    {
      "type": "Feature",
      "properties": {
        "@id": "node/569043298",
        "amenity": "pharmacy",
        "healthcare": "pharmacy",
        "name": "Pharmacie Schoen",
        "opening_hours": "Mo-Fr 08:00-12:15,13:30-18:30; Sa 08:00-12:30,13:30-17:00",
        "website": "https://www.pharmaschoen.ch/",
        "wheelchair": "yes"
      },
      "geometry": {
        "type": "Point",
        "coordinates": [
          6.842051,
          46.4616296
        ]
      },
      "id": "node/569043298"
    },
    {
      "type": "Feature",
      "properties": {
        "@id": "node/569043960",
        "addr:city": "Vevey",
        "addr:country": "CH",
        "addr:housenumber": "1",
        "addr:postcode": "1800",
        "addr:street": "Avenue de Corsier",
        "amenity": "pharmacy",
        "brand": "Amavita",
        "brand:wikidata": "Q93733901",
        "healthcare": "pharmacy",
        "name": "Pharmacie de Copet",
        "opening_hours": "Mo-Fr 08:00-18:30; Sa 08:00-17:00",
        "operator": "Amavita",
        "website": "https://www.amavita.ch/fr/amavita-copet",
        "wheelchair": "yes"
      },
      "geometry": {
        "type": "Point",
        "coordinates": [
          6.84507,
          46.4664154
        ]
      },
      "id": "node/569043960"
    },
    {
      "type": "Feature",
      "properties": {
        "@id": "node/574322712",
        "addr:city": "Küttigen",
        "addr:country": "CH",
        "addr:housenumber": "25",
        "addr:postcode": "5024",
        "addr:street": "Hauptstrasse",
        "amenity": "pharmacy",
        "branch": "Küttigen",
        "brand": "TopPharm",
        "name": "TopPharm Apotheke Küttigen",
        "operator": "TopPharm Genossenschaft",
        "website": "https://www.apotheke.ch/kuettigen"
      },
      "geometry": {
        "type": "Point",
        "coordinates": [
          8.0479409,
          47.4156453
        ]
      },
      "id": "node/574322712"
    },
    {
      "type": "Feature",
      "properties": {
        "@id": "node/586282496",
        "addr:city": "Basel",
        "addr:housenumber": "41",
        "addr:postcode": "4058",
        "addr:street": "Clarastrasse",
        "alt_name": "Coop Vitality Europe",
        "amenity": "pharmacy",
        "branch": "Basel Europecenter",
        "brand": "Coop Vitality",
        "brand:wikidata": "Q111725297",
        "check_date": "2026-02-25",
        "check_date:opening_hours": "2026-02-25",
        "healthcare": "pharmacy",
        "name": "Coop Vitality",
        "opening_hours": "Mo-Fr 08:00-19:00; Sa 08:00-18:00",
        "operator": "Coop Vitality & GaleniCare",
        "website": "https://www.coopvitality.ch/de/coop-vitality-europe"
      },
      "geometry": {
        "type": "Point",
        "coordinates": [
          7.5973118,
          47.5629845
        ]
      },
      "id": "node/586282496"
    },
    {
      "type": "Feature",
      "properties": {
        "@id": "node/602257100",
        "access:covid19": "yes",
        "amenity": "pharmacy",
        "check_date:opening_hours": "2025-09-16",
        "dispensing": "yes",
        "fax": "+41 62 552 20 01",
        "name": "Saner Apotheke",
        "opening_hours": "Mo-Fr 08:00-12:30,13:30-18:30; Sa 08:00-17:00",
        "phone": "+41 62 552 20 00",
        "takeaway:covid19": "no",
        "website": "https://www.saner-apotheke.ch/saner-standorte/olten-bifang.html"
      },
      "geometry": {
        "type": "Point",
        "coordinates": [
          7.9111482,
          47.3486797
        ]
      },
      "id": "node/602257100"
    },
    {
      "type": "Feature",
      "properties": {
        "@id": "node/613704433",
        "addr:city": "Zürich",
        "addr:country": "CH",
        "addr:housenumber": "681",
        "addr:postcode": "8048",
        "addr:street": "Badenerstrasse",
        "amenity": "pharmacy",
        "brand": "Rotpunkt Apotheke",
        "check_date": "2025-08-28",
        "check_date:opening_hours": "2025-08-28",
        "name": "Apotheke Altstetten AA1",
        "opening_hours": "Mo-Fr 08:00-19:00; Sa 08:00-17:00; Su,PH off",
        "operator": "Rotpunkt Pharma",
        "website": "https://www.aa1.ch/",
        "wheelchair": "yes"
      },
      "geometry": {
        "type": "Point",
        "coordinates": [
          8.4855758,
          47.3877883
        ]
      },
      "id": "node/613704433"
    },
    {
      "type": "Feature",
      "properties": {
        "@id": "node/616269373",
        "amenity": "pharmacy",
        "dispensing": "yes",
        "healthcare": "pharmacy",
        "name": "Stern Apotheke",
        "opening_hours": "Mo-Fr 08:30-12:00,01:30-18:30; Sa 08:30-12:00"
      },
      "geometry": {
        "type": "Point",
        "coordinates": [
          9.3794184,
          47.4245196
        ]
      },
      "id": "node/616269373"
    },
    {
      "type": "Feature",
      "properties": {
        "@id": "node/629038860",
        "addr:city": "Heiden",
        "addr:country": "CH",
        "addr:housenumber": "8",
        "addr:postcode": "9410",
        "addr:street": "Kirchplatz",
        "amenity": "pharmacy",
        "name": "Horsch",
        "opening_hours": "Tu-Fr 08:00-12:00,13:30-18:30; Sa 08:00-12:30; Su,Mo off",
        "phone": "+41 71 891 18 10",
        "website": "https://www.gesundeswissen.ch/",
        "wheelchair": "yes"
      },
      "geometry": {
        "type": "Point",
        "coordinates": [
          9.5355431,
          47.4444804
        ]
      },
      "id": "node/629038860"
    },
    {
      "type": "Feature",
      "properties": {
        "@id": "node/643856479",
        "addr:city": "Etoy",
        "addr:postcode": "1163",
        "addr:street": "Route Suisse",
        "amenity": "pharmacy",
        "brand": "Sun Store",
        "brand:wikidata": "Q2365840",
        "healthcare": "pharmacy",
        "name": "Sun Store"
      },
      "geometry": {
        "type": "Point",
        "coordinates": [
          6.425784,
          46.4738783
        ]
      },
      "id": "node/643856479"
    },
    {
      "type": "Feature",
      "properties": {
        "@id": "node/653154479",
        "amenity": "pharmacy",
        "healthcare": "pharmacy",
        "name": "Munier"
      },
      "geometry": {
        "type": "Point",
        "coordinates": [
          6.103583,
          46.1918266
        ]
      },
      "id": "node/653154479"
    },
    {
      "type": "Feature",
      "properties": {
        "@id": "node/660081683",
        "addr:city": "Zürich",
        "addr:country": "CH",
        "addr:housenumber": "330",
        "addr:postcode": "8047",
        "addr:street": "Albisriederstrasse",
        "amenity": "pharmacy",
        "brand": "Rotpunkt Apotheke",
        "check_date:opening_hours": "2026-03-06",
        "name": "Albis-Apotheke",
        "opening_hours": "Mo-Fr 08:00-12:30,13:15-18:30; Sa 08:00-12:00",
        "operator": "Rotpunkt Pharma",
        "website": "https://www.albisapotheke.ch/",
        "wheelchair": "yes"
      },
      "geometry": {
        "type": "Point",
        "coordinates": [
          8.4881764,
          47.3760408
        ]
      },
      "id": "node/660081683"
    },
    {
      "type": "Feature",
      "properties": {
        "@id": "node/663436665",
        "addr:city": "Zug",
        "addr:housenumber": "13b",
        "addr:postcode": "6300",
        "addr:street": "Industriestrasse",
        "amenity": "pharmacy",
        "branch": "Zug Metalli",
        "brand": "Achillea Apotheke",
        "check_date": "2025-01-01",
        "dispensing": "yes",
        "healthcare": "pharmacy",
        "level": "0",
        "name": "Metalli Apotheke",
        "opening_hours": "Mo-We,Fr 08:00-19:00; Sa 08:00-17:00; Th 08:00-20:00; PH closed",
        "operator": "Dr. Bähler Dropa",
        "payment:cash": "yes",
        "payment:credit_cards": "yes",
        "payment:debit_cards": "yes",
        "website": "https://achillea.ch/standorte/metalli-apotheke",
        "wheelchair": "yes"
      },
      "geometry": {
        "type": "Point",
        "coordinates": [
          8.5174322,
          47.1724345
        ]
      },
      "id": "node/663436665"
    },
    {
      "type": "Feature",
      "properties": {
        "@id": "node/670339702",
        "addr:city": "Dübendorf",
        "addr:housenumber": "50",
        "addr:postcode": "8600",
        "addr:street": "Bahnhofstrasse",
        "amenity": "pharmacy",
        "branch": "Dübendorf",
        "brand": "TopPharm",
        "check_date": "2024-08-27",
        "dispensing": "yes",
        "name": "Amavita Apotheke Dübendorf",
        "opening_hours": "Mo-Fr 08:00-12:15,13:30-18:30; Sa 08:00-16:00; Su off",
        "operator": "Galenicare AG",
        "phone": "+41 58 878 11 60",
        "wheelchair": "limited"
      },
      "geometry": {
        "type": "Point",
        "coordinates": [
          8.6215296,
          47.3991933
        ]
      },
      "id": "node/670339702"
    },
    {
      "type": "Feature",
      "properties": {
        "@id": "node/677637287",
        "amenity": "pharmacy",
        "check_date": "2022-12-18",
        "name": "Vital Apotheke",
        "opening_hours": "Mo-Fr 08:30-12:30,14:00-19:00; Sa 08:30-12:00,14:00-19:00; Su 08:30-12:00,15:00-19:00"
      },
      "geometry": {
        "type": "Point",
        "coordinates": [
          7.7478125,
          46.0231002
        ]
      },
      "id": "node/677637287"
    },
    {
      "type": "Feature",
      "properties": {
        "@id": "node/686557302",
        "addr:city": "Schwerzenbach",
        "addr:country": "CH",
        "addr:housenumber": "5",
        "addr:postcode": "8603",
        "addr:street": "Bahnstrasse",
        "amenity": "pharmacy",
        "branch": "Schwerzenbach",
        "brand": "TopPharm",
        "brand:wikidata": "Q110277794",
        "dispensing": "yes",
        "healthcare": "pharmacy",
        "name": "Benu",
        "operator": "TopPharm Genossenschaft",
        "website": "https://www.apotheke.ch/schwerzenbach"
      },
      "geometry": {
        "type": "Point",
        "coordinates": [
          8.6604719,
          47.3837801
        ]
      },
      "id": "node/686557302"
    },
    {
      "type": "Feature",
      "properties": {
        "@id": "node/693100441",
        "amenity": "pharmacy",
        "healthcare": "pharmacy",
        "name": "Montchoisy SA",
        "opening_hours": "Mo-Fr 08:00-18:30; Sa 08:30-13:00"
      },
      "geometry": {
        "type": "Point",
        "coordinates": [
          6.1621833,
          46.2041578
        ]
      },
      "id": "node/693100441"
    },
    {
      "type": "Feature",
      "properties": {
        "@id": "node/694019443",
        "addr:city": "Wettingen",
        "addr:country": "CH",
        "addr:housenumber": "77",
        "addr:postcode": "5430",
        "addr:street": "Landstrasse",
        "alt_name": "TopPharm Rathaus Apotheke Wettingen",
        "amenity": "pharmacy",
        "branch": "Wettingen",
        "brand": "TopPharm",
        "brand:wikidata": "Q110277794",
        "name": "TopPharm Rathaus Apotheke",
        "opening_hours": "Mo-Fr 08:00-18:30; Sa 08:00-17:00; PH off",
        "operator": "TopPharm Genossenschaft",
        "website": "https://www.apotheke.ch/rathaus-wettingen",
        "wheelchair": "yes"
      },
      "geometry": {
        "type": "Point",
        "coordinates": [
          8.3245139,
          47.4669434
        ]
      },
      "id": "node/694019443"
    },
    {
      "type": "Feature",
      "properties": {
        "@id": "node/698785782",
        "amenity": "pharmacy",
        "dispensing": "yes",
        "email": "info@marktgass-apotheke.ch",
        "healthcare": "pharmacy",
        "name": "Marktgass Apotheke",
        "opening_hours": "Mo-Fr 08:00-18:30; Sa 08:00-17:00; PH closed",
        "phone": "+41 44 821 12 13",
        "website": "https://www.marktgass-apotheke.ch",
        "wheelchair": "yes"
      },
      "geometry": {
        "type": "Point",
        "coordinates": [
          8.6173752,
          47.3976672
        ]
      },
      "id": "node/698785782"
    },
    {
      "type": "Feature",
      "properties": {
        "@id": "node/704348026",
        "addr:city": "Bern",
        "addr:country": "CH",
        "addr:housenumber": "3",
        "addr:postcode": "3008",
        "addr:street": "Könizstrasse",
        "alt_name": "Ledermann Dr. F. & B. Schloss-Apotheke",
        "amenity": "pharmacy",
        "check_date": "2025-05-28",
        "contact:email": "info@schloss-apotheke-bern.ch",
        "contact:fax": "+41 31 3819559",
        "contact:phone": "+41 31 3818836",
        "dispensing": "yes",
        "healthcare": "pharmacy",
        "name": "Schloss-Apotheke",
        "opening_hours": "Mo-Fr 08:00-12:30,14:00-18:30; Sa 08:45-12:00",
        "payment:american_express": "yes",
        "payment:contactless": "yes",
        "payment:diners_club": "yes",
        "payment:jcb": "yes",
        "payment:maestro": "yes",
        "payment:mastercard": "yes",
        "payment:postfinance_card": "yes",
        "payment:visa": "yes",
        "source": "survey and website",
        "website": "https://schloss-apotheke-bern.ch/",
        "wheelchair": "yes"
      },
      "geometry": {
        "type": "Point",
        "coordinates": [
          7.4217447,
          46.9443709
        ]
      },
      "id": "node/704348026"
    },
    {
      "type": "Feature",
      "properties": {
        "@id": "node/707091170",
        "amenity": "pharmacy",
        "check_date": "2024-05-23",
        "healthcare": "pharmacy",
        "name": "Pharmacie de Vernier"
      },
      "geometry": {
        "type": "Point",
        "coordinates": [
          6.0873419,
          46.2172149
        ]
      },
      "id": "node/707091170"
    },
    {
      "type": "Feature",
      "properties": {
        "@id": "node/725251857",
        "amenity": "pharmacy",
        "check_date:opening_hours": "2026-04-22",
        "name": "Pharmacie de St Jean",
        "opening_hours": "Mo-Fr 08:00-12:30,14:00-18:45; Sa 08:00-12:30,14:00-17:00",
        "operator": "Pharmacie Plus"
      },
      "geometry": {
        "type": "Point",
        "coordinates": [
          6.1249498,
          46.2042028
        ]
      },
      "id": "node/725251857"
    },
    {
      "type": "Feature",
      "properties": {
        "@id": "node/738031621",
        "addr:city": "Uetikon am See",
        "addr:housenumber": "103a",
        "addr:postcode": "8707",
        "addr:street": "Bergstrasse",
        "amenity": "pharmacy",
        "dispensing": "yes",
        "healthcare": "pharmacy",
        "name": "Riedsteg",
        "website": "https://riedsteg-apotheke.ch/",
        "wheelchair": "yes"
      },
      "geometry": {
        "type": "Point",
        "coordinates": [
          8.6774473,
          47.2631804
        ]
      },
      "id": "node/738031621"
    },
    {
      "type": "Feature",
      "properties": {
        "@id": "node/765576175",
        "amenity": "pharmacy",
        "healthcare": "pharmacy",
        "name": "Pharmacie d'Orsières"
      },
      "geometry": {
        "type": "Point",
        "coordinates": [
          7.1461484,
          46.0305193
        ]
      },
      "id": "node/765576175"
    },
    {
      "type": "Feature",
      "properties": {
        "@id": "node/772818404",
        "amenity": "pharmacy",
        "check_date": "2025-06-15",
        "check_date:opening_hours": "2025-06-15",
        "dispensing": "yes",
        "healthcare": "pharmacy",
        "mapillary": "463259434933543",
        "name": "BENU Apotheke",
        "opening_hours": "Mo-Fr 07:30-19:00; Sa 08:00-18:00; Su 10:00-18:00",
        "wheelchair": "yes"
      },
      "geometry": {
        "type": "Point",
        "coordinates": [
          7.8813195,
          46.2937409
        ]
      },
      "id": "node/772818404"
    },
    {
      "type": "Feature",
      "properties": {
        "@id": "node/800658251",
        "addr:city": "Einsiedeln",
        "addr:country": "CH",
        "addr:housenumber": "81",
        "addr:postcode": "8840",
        "addr:street": "Hauptstrasse",
        "alt_name": "Topwell Apotheke Engel",
        "amenity": "pharmacy",
        "branch": "Einsiedeln Engel",
        "brand": "Medbase",
        "brand:wikidata": "Q50038690",
        "check_date": "2025-02-23",
        "healthcare": "pharmacy",
        "name": "Engel",
        "old_name": "Engel Apotheke",
        "opening_hours": "Mo-Fr 08:30-12:00,13:30-18:00; Sa 08:00-12:00,13:30-16:00",
        "operator": "Medbase Apotheken",
        "phone": "+41 55 418 81 41",
        "website": "https://www.topwell.ch/medbaseapothekeeinsiedelnengel",
        "wheelchair": "yes"
      },
      "geometry": {
        "type": "Point",
        "coordinates": [
          8.7493428,
          47.126967
        ]
      },
      "id": "node/800658251"
    },
    {
      "type": "Feature",
      "properties": {
        "@id": "node/804863977",
        "amenity": "pharmacy",
        "check_date:opening_hours": "2025-06-18",
        "contact:facebook": "https://www.facebook.com/p/Pharmacie-de-la-Gare-St-Maurice-100051044899263/",
        "dispensing": "no",
        "healthcare": "pharmacy",
        "name": "Pharmacie de la Gare",
        "opening_hours": "Mo-Fr 07:30-12:00,13:30-18:30; Sa 07:30-12:00,13:30-16:00",
        "phone": "+41 24 485 30 75",
        "postal_code": "1890"
      },
      "geometry": {
        "type": "Point",
        "coordinates": [
          7.0029392,
          46.2165043
        ]
      },
      "id": "node/804863977"
    },
    {
      "type": "Feature",
      "properties": {
        "@id": "node/828159625",
        "amenity": "pharmacy",
        "healthcare": "pharmacy",
        "name": "Pharmacie Centrale",
        "opening_hours": "Mo-Fr 08:00-12:15, 13:30-18:30; Sa 08:00-17:00",
        "wheelchair": "yes"
      },
      "geometry": {
        "type": "Point",
        "coordinates": [
          6.6392567,
          46.7795125
        ]
      },
      "id": "node/828159625"
    },
    {
      "type": "Feature",
      "properties": {
        "@id": "node/842629464",
        "addr:city": "Rümlang",
        "addr:housenumber": "24",
        "addr:postcode": "8153",
        "addr:street": "Oberdorfstrasse",
        "amenity": "pharmacy",
        "branch": "Rümlang",
        "brand": "Amavita",
        "name": "Amavita Rümlang",
        "opening_hours": "Mo-Fr 07:45-18:30; Sa 07:45-16:00",
        "operator": "GaleniCare",
        "phone": "+41 58 878 22 40",
        "website": "https://www.amavita.ch/de/amavita-apotheke-rumlang"
      },
      "geometry": {
        "type": "Point",
        "coordinates": [
          8.5300081,
          47.4508792
        ]
      },
      "id": "node/842629464"
    },
    {
      "type": "Feature",
      "properties": {
        "@id": "node/850911828",
        "addr:housenumber": "64",
        "addr:street": "Dorfstrasse",
        "amenity": "pharmacy",
        "fax": "+41 56 288 36 37",
        "name": "Schürhof Apotheke",
        "opening_hours": "Mo-We,Fr 08:00-12:00, 14:00-18:30; Sa 08:00-16:00",
        "phone": "+41 56 288 36 36"
      },
      "geometry": {
        "type": "Point",
        "coordinates": [
          8.2549477,
          47.5019414
        ]
      },
      "id": "node/850911828"
    },
    {
      "type": "Feature",
      "properties": {
        "@id": "node/871152922",
        "addr:city": "Seon",
        "addr:housenumber": "18",
        "addr:postcode": "5703",
        "addr:street": "Unterdorfstrasse",
        "amenity": "pharmacy",
        "check_date": "2025-11-29",
        "dispensing": "yes",
        "drive_through": "no",
        "email": "lindenapo-seon@hin.ch",
        "healthcare": "pharmacy",
        "name": "Lindenapotheke Unterdorf",
        "opening_hours": "Mo-Fr 08:00-12:00,13:30-18:30; Sa 08:00-15:00; Su off",
        "operator": "Lindenapotheke AG",
        "phone": "+41 62 775 33 30",
        "website": "https://www.lindenapo.ch/standorte/lindenapotheke-unterdorf-seon",
        "wheelchair": "yes"
      },
      "geometry": {
        "type": "Point",
        "coordinates": [
          8.1615161,
          47.34753
        ]
      },
      "id": "node/871152922"
    },
    {
      "type": "Feature",
      "properties": {
        "@id": "node/877597552",
        "amenity": "pharmacy",
        "branch": "Uzwil",
        "brand": "Amavita",
        "brand:wikidata": "Q93733901",
        "brand:wikipedia": "de:Amavita",
        "check_date": "2025-04-26",
        "dispensing": "yes",
        "drive_through": "no",
        "healthcare": "pharmacy",
        "level": "0",
        "name": "Amavita",
        "opening_hours": "Mo-Th 08:00-19:00; Fr 08:00-20:00; Sa 08:00-17:00",
        "operator": "GaleniCare",
        "website": "https://www.amavita.ch/de/amavita-apotheke-uzwil",
        "wheelchair": "yes"
      },
      "geometry": {
        "type": "Point",
        "coordinates": [
          9.1351525,
          47.4365764
        ]
      },
      "id": "node/877597552"
    },
    {
      "type": "Feature",
      "properties": {
        "@id": "node/891896164",
        "addr:city": "Zürich",
        "addr:country": "CH",
        "addr:housenumber": "120",
        "addr:postcode": "8006",
        "addr:street": "Universitätstrasse",
        "amenity": "pharmacy",
        "brand": "Rotpunkt Apotheke",
        "check_date": "2025-08-29",
        "check_date:opening_hours": "2025-08-29",
        "healthcare": "pharmacy",
        "name": "Rigi Apotheke und Drogerie",
        "opening_hours": "Mo-Fr 08:00-19:00; Sa 08:00-16:00; Su,PH off",
        "operator": "Rotpunkt Pharma",
        "shop": "chemist",
        "website": "https://www.apotheke-rigi.ch/",
        "wheelchair": "yes",
        "wheelchair:description": "Eingang näher an der Seilbahnstation ist rollstuhlgängig."
      },
      "geometry": {
        "type": "Point",
        "coordinates": [
          8.5487292,
          47.3857176
        ]
      },
      "id": "node/891896164"
    },
    {
      "type": "Feature",
      "properties": {
        "@id": "node/904412594",
        "addr:housenumber": "42",
        "addr:street": "Furkastrasse",
        "amenity": "pharmacy",
        "dispensing": "yes",
        "drive_through": "no",
        "email": "imhof-pharma@rhone.ch",
        "healthcare": "pharmacy",
        "name": "Imhof",
        "opening_hours": "Mo-Fr 08:00-12:00,13:30-18:30; Sa 08:00-12:00,13:30-17:00; Su 16:00-18:00",
        "phone": "+41 27 971 29 94"
      },
      "geometry": {
        "type": "Point",
        "coordinates": [
          8.1353289,
          46.403552
        ]
      },
      "id": "node/904412594"
    },
    {
      "type": "Feature",
      "properties": {
        "@id": "node/916616131",
        "addr:city": "Zürich",
        "addr:country": "CH",
        "addr:housenumber": "10",
        "addr:postcode": "8001",
        "addr:street": "Torgasse",
        "amenity": "pharmacy",
        "brand": "Fortis",
        "healthcare": "pharmacy",
        "name": "Sonnen-Apotheke",
        "opening_hours": "Mo-Fr 09:00-18:30; Sa 09:00-16:00",
        "website": "https://www.sonnenapotheke-zuerich.ch/",
        "wheelchair": "no"
      },
      "geometry": {
        "type": "Point",
        "coordinates": [
          8.5458885,
          47.3681104
        ]
      },
      "id": "node/916616131"
    },
    {
      "type": "Feature",
      "properties": {
        "@id": "node/930927179",
        "amenity": "pharmacy",
        "dispensing": "yes",
        "healthcare": "pharmacy",
        "name": "Pilonell",
        "opening_hours": "Mo-Fr 07:45-18:30; Sa 07:45-17:00",
        "wheelchair": "yes"
      },
      "geometry": {
        "type": "Point",
        "coordinates": [
          6.8252096,
          47.1007036
        ]
      },
      "id": "node/930927179"
    },
    {
      "type": "Feature",
      "properties": {
        "@id": "node/937843617",
        "alt_name": "Bären Apotheke",
        "amenity": "pharmacy",
        "contact:addr": "Bim Zytglogge 1, 3011 Bern",
        "contact:email": "apobaeren@bluewin.ch",
        "contact:fax": "+41 31 3126330",
        "contact:phone": "+41 31 3110242",
        "dispensing": "yes",
        "healthcare": "pharmacy",
        "name": "Bären",
        "opening_hours": "Mo 10:00-18:30; Tu,We 08:00-18:30; Th 08:00-18:30; Fr 08:00-18:30; Sa 08:00-17:00",
        "source": "survey and website",
        "website": "https://www.apotheke-baeren.ch/",
        "wheelchair": "yes"
      },
      "geometry": {
        "type": "Point",
        "coordinates": [
          7.4479358,
          46.9478697
        ]
      },
      "id": "node/937843617"
    },
    {
      "type": "Feature",
      "properties": {
        "@id": "node/968533076",
        "addr:city": "Genève",
        "addr:housenumber": "2",
        "addr:postcode": "1204",
        "addr:street": "Cours de Rive",
        "amenity": "pharmacy",
        "branch": "Grosclaude",
        "brand": "Pharmacie Populaire",
        "brand:wikidata": "Q125537498",
        "dispensing": "yes",
        "drive_through": "no",
        "healthcare": "pharmacy",
        "name": "Pharmacie Populaire",
        "opening_hours": "Mo-Fr 07:45-19:00; Sa 09:00-19:00",
        "operator": "Pharmacie Populaire",
        "phone": "+41 22 318 69 02",
        "website": "https://www.pharmaciepopulaire.ch"
      },
      "geometry": {
        "type": "Point",
        "coordinates": [
          6.1522223,
          46.2017254
        ]
      },
      "id": "node/968533076"
    },
    {
      "type": "Feature",
      "properties": {
        "@id": "node/983433415",
        "addr:city": "Zürich",
        "addr:country": "CH",
        "addr:housenumber": "40",
        "addr:postcode": "8051",
        "addr:street": "Hirzenbachstrasse",
        "amenity": "pharmacy",
        "brand": "Fortis",
        "check_date:opening_hours": "2024-09-18",
        "healthcare": "pharmacy",
        "name": "Apotheke Zum Mörser",
        "opening_hours": "Mo-Fr 08:00-18:30; Sa 08:00-16:30",
        "website": "https://www.apothekezummoerser.ch/",
        "wheelchair": "yes"
      },
      "geometry": {
        "type": "Point",
        "coordinates": [
          8.5891049,
          47.4034292
        ]
      },
      "id": "node/983433415"
    },
    {
      "type": "Feature",
      "properties": {
        "@id": "node/1015716198",
        "amenity": "pharmacy",
        "brand": "Benu",
        "brand:wikidata": "Q62562792",
        "healthcare": "pharmacy",
        "level": "0",
        "name": "Benu",
        "opening_hours": "Mo-Th 08:00-19:00;Fr 08:00-21:00;Sa 07:30-16:00;Su off",
        "website": "http://www.benupharmacie.ch",
        "wheelchair": "yes"
      },
      "geometry": {
        "type": "Point",
        "coordinates": [
          7.1915066,
          46.8468804
        ]
      },
      "id": "node/1015716198"
    },
    {
      "type": "Feature",
      "properties": {
        "@id": "node/1027880760",
        "addr:city": "Langnau im Emmental",
        "addr:housenumber": "2",
        "addr:postcode": "3550",
        "addr:street": "Dorfstrasse",
        "alt_name": "Fankhauser",
        "amenity": "pharmacy",
        "fax": "+41 34 402 64 42",
        "healthcare": "pharmacy",
        "name": "Bahnhof",
        "opening_hours": "Mo-Fr 08:00-12:00,13:30-18:30; Sa 08:00-16:00",
        "phone": "+41 34 402 12 55",
        "shop": "chemist",
        "website": "https://www.panakeia.ch/"
      },
      "geometry": {
        "type": "Point",
        "coordinates": [
          7.7834914,
          46.9405647
        ]
      },
      "id": "node/1027880760"
    },
    {
      "type": "Feature",
      "properties": {
        "@id": "node/1079865704",
        "amenity": "pharmacy",
        "healthcare": "pharmacy",
        "level": "0",
        "name": "Apotheke sunne-maert",
        "opening_hours": "Mo-Th 08:00-19:00; Fr 08:00-20:00; Sa 08:00-18:00; PH closed",
        "website": "https://www.apotheke-sunnemaert.ch/",
        "wheelchair": "limited"
      },
      "geometry": {
        "type": "Point",
        "coordinates": [
          8.3482354,
          47.3514187
        ]
      },
      "id": "node/1079865704"
    },
    {
      "type": "Feature",
      "properties": {
        "@id": "node/1102204143",
        "addr:city": "Wohlen",
        "addr:housenumber": "1",
        "addr:postcode": "5610",
        "addr:street": "Alte Bahnhofstrasse",
        "alt_name": "BENU Apotheke Rex Wohlen",
        "amenity": "pharmacy",
        "branch": "Wohlen Rex",
        "brand": "Benu",
        "brand:wikidata": "Q62562792",
        "healthcare": "pharmacy",
        "level": "0",
        "name": "Benu",
        "opening_hours": "Mo-Fr 08:00-18:30; Sa 08:00-16:00; PH closed",
        "operator": "BENU Pharmacies",
        "website": "https://www.benu.ch/de/pharmacies/rex-wohlen/",
        "wheelchair": "yes"
      },
      "geometry": {
        "type": "Point",
        "coordinates": [
          8.2717362,
          47.3502754
        ]
      },
      "id": "node/1102204143"
    },
    {
      "type": "Feature",
      "properties": {
        "@id": "node/1111382170",
        "addr:city": "Stans",
        "addr:housenumber": "2",
        "addr:postcode": "6370",
        "addr:street": "Robert-Durrer-Strasse",
        "amenity": "pharmacy",
        "branch": "Stans",
        "brand": "TopPharm",
        "brand:wikidata": "Q110277794",
        "healthcare": "pharmacy",
        "name": "Zelger",
        "opening_hours": "Mo-Fr 07:45-12:00,13:30-18:30; Sa 07:45-16:00",
        "operator": "TopPharm Genossenschaft",
        "phone": "+41416101119",
        "website": "https://www.apotheke.ch/zelger",
        "wheelchair": "yes"
      },
      "geometry": {
        "type": "Point",
        "coordinates": [
          8.3680117,
          46.9587461
        ]
      },
      "id": "node/1111382170"
    },
    {
      "type": "Feature",
      "properties": {
        "@id": "node/1128614010",
        "addr:city": "Emmenbrücke",
        "addr:housenumber": "1",
        "addr:postcode": "6020",
        "addr:street": "Sonnenplatz",
        "amenity": "pharmacy",
        "dispensing": "yes",
        "healthcare": "pharmacy",
        "name": "Sonnen Apotheke",
        "phone": "+41412601801",
        "wheelchair": "yes"
      },
      "geometry": {
        "type": "Point",
        "coordinates": [
          8.274988,
          47.0776708
        ]
      },
      "id": "node/1128614010"
    },
    {
      "type": "Feature",
      "properties": {
        "@id": "node/1139730286",
        "addr:city": "Spiez",
        "addr:country": "CH",
        "addr:housenumber": "1",
        "addr:place": "Terminus",
        "addr:postcode": "3700",
        "addr:street": "Bahnhofplatz",
        "amenity": "pharmacy",
        "name": "Terminus-Apotheke",
        "wheelchair": "yes"
      },
      "geometry": {
        "type": "Point",
        "coordinates": [
          7.6815051,
          46.6858673
        ]
      },
      "id": "node/1139730286"
    },
    {
      "type": "Feature",
      "properties": {
        "@id": "node/1165256794",
        "addr:city": "Wildegg",
        "addr:housenumber": "11",
        "addr:postcode": "5103",
        "addr:street": "Bruggerstrasse",
        "alt_name": "TopPharm Apotheke & Drogerie Brentano Wildegg",
        "amenity": "pharmacy",
        "branch": "Wildegg",
        "brand": "TopPharm",
        "name": "TopPharm Apotheke & Drogerie Brentano",
        "opening_hours": "Mo-Fr 08:00-19:00; Sa 08:00-17:00",
        "operator": "TopPharm Genossenschaft",
        "website": "https://www.apotheke.ch/brentano-wildegg"
      },
      "geometry": {
        "type": "Point",
        "coordinates": [
          8.1668274,
          47.4165509
        ]
      },
      "id": "node/1165256794"
    },
    {
      "type": "Feature",
      "properties": {
        "@id": "node/1165421926",
        "amenity": "pharmacy",
        "check_date:opening_hours": "2021-09-29",
        "dispensing": "yes",
        "healthcare": "pharmacy",
        "name": "Pharmacie Zurcher",
        "opening_hours": "Mo-Fr 08:00-12:00,13:30-18:30; Sa 08:00-12:00"
      },
      "geometry": {
        "type": "Point",
        "coordinates": [
          7.0755958,
          46.103525
        ]
      },
      "id": "node/1165421926"
    },
    {
      "type": "Feature",
      "properties": {
        "@id": "node/1167956581",
        "amenity": "pharmacy",
        "check_date": "2025-01-29",
        "healthcare": "pharmacy",
        "name": "Wettstein Apotheke",
        "opening_hours": "Mo-Fr 08:30-19:00, Sa 09:00-16:00",
        "wheelchair": "no"
      },
      "geometry": {
        "type": "Point",
        "coordinates": [
          7.5978947,
          47.5595421
        ]
      },
      "id": "node/1167956581"
    },
    {
      "type": "Feature",
      "properties": {
        "@id": "node/1207861923",
        "addr:city": "Morges",
        "addr:housenumber": "100",
        "addr:postcode": "1110",
        "addr:street": "Grand-Rue",
        "amenity": "pharmacy",
        "healthcare": "pharmacy",
        "name": "Pharmacie Populaire",
        "opening_hours": "Mo-Fr 08:30-12:00,13:30-18:30; Sa 08:30-12:15",
        "wheelchair": "yes"
      },
      "geometry": {
        "type": "Point",
        "coordinates": [
          6.4969902,
          46.5080196
        ]
      },
      "id": "node/1207861923"
    },
    {
      "type": "Feature",
      "properties": {
        "@id": "node/1247760046",
        "alt_name": "Apotheca Piz Ot",
        "amenity": "pharmacy",
        "brand": "TopPharm",
        "brand:wikidata": "Q110277794",
        "email": "info@pizot-apotheke.ch",
        "healthcare": "pharmacy",
        "name": "Piz Ot",
        "opening_hours": "Mo-Fr 08:00-12:00,14:00-18:30; Sa 08:00-12:00,13:30-17:00; Su off",
        "phone": "+41 81 851 23 23",
        "website": "https://www.toppharm.ch/pizot-dorf"
      },
      "geometry": {
        "type": "Point",
        "coordinates": [
          9.8707108,
          46.5341815
        ]
      },
      "id": "node/1247760046"
    },
    {
      "type": "Feature",
      "properties": {
        "@id": "node/1274800320",
        "amenity": "pharmacy",
        "healthcare": "pharmacy",
        "name": "Pharmacie de la Mèbre"
      },
      "geometry": {
        "type": "Point",
        "coordinates": [
          6.58015,
          46.53771
        ]
      },
      "id": "node/1274800320"
    },
    {
      "type": "Feature",
      "properties": {
        "@id": "node/1292267745",
        "addr:city": "Luzern",
        "addr:housenumber": "21",
        "addr:postcode": "6003",
        "addr:street": "Bahnhofstrasse",
        "amenity": "pharmacy",
        "healthcare": "pharmacy",
        "name": "Alte Suidtersche Apotheke",
        "opening_hours": "Mo-Fr 08:00-12:15,13:30-18:30; Sa 08:00-16:00; Su,PH off",
        "phone": "+41412100923"
      },
      "geometry": {
        "type": "Point",
        "coordinates": [
          8.3028748,
          47.0502093
        ]
      },
      "id": "node/1292267745"
    },
    {
      "type": "Feature",
      "properties": {
        "@id": "node/1298315317",
        "addr:housenumber": "1",
        "addr:street": "Rue de la Gare",
        "amenity": "pharmacy",
        "name": "Pharmacie du Château"
      },
      "geometry": {
        "type": "Point",
        "coordinates": [
          6.8146909,
          46.929826
        ]
      },
      "id": "node/1298315317"
    },
    {
      "type": "Feature",
      "properties": {
        "@id": "node/1328945978",
        "addr:city": "Winterthur",
        "addr:housenumber": "40",
        "addr:postcode": "8405",
        "addr:street": "Hinterdorfstrasse",
        "amenity": "pharmacy",
        "branch": "Winterthur Seen",
        "brand": "Amavita",
        "brand:wikidata": "Q93733901",
        "brand:wikipedia": "de:Amavita",
        "dispensing": "yes",
        "drive_through": "no",
        "healthcare": "pharmacy",
        "level": "0",
        "name": "Amavita",
        "opening_hours": "Mo-Fr 08:30-19:00; Sa 08:00-18:00; PH off",
        "operator": "GaleniCare",
        "phone": "+41 52 232 13 13",
        "website": "https://www.amavita.ch/de/amavita-apotheke-seen"
      },
      "geometry": {
        "type": "Point",
        "coordinates": [
          8.7623802,
          47.4851087
        ]
      },
      "id": "node/1328945978"
    },
    {
      "type": "Feature",
      "properties": {
        "@id": "node/1348068845",
        "amenity": "pharmacy",
        "healthcare": "pharmacy",
        "name": "Dorf Drogerie",
        "shop": "chemist",
        "wheelchair": "yes"
      },
      "geometry": {
        "type": "Point",
        "coordinates": [
          7.5551167,
          47.4994697
        ]
      },
      "id": "node/1348068845"
    },
    {
      "type": "Feature",
      "properties": {
        "@id": "node/1359733090",
        "addr:city": "Zürich",
        "addr:country": "CH",
        "addr:housenumber": "102",
        "addr:postcode": "8032",
        "addr:street": "Hegibachstrasse",
        "amenity": "pharmacy",
        "brand": "Rotpunkt Apotheke",
        "check_date": "2025-03-24",
        "name": "Klus-Apotheke",
        "opening_hours": "Mo-Fr 08:00-19:00; Sa 08:00-17:00",
        "operator": "Rotpunkt Pharma",
        "phone": "+41 44 381 70 30",
        "website": "https://www.klus-apotheke.ch/",
        "wheelchair": "yes"
      },
      "geometry": {
        "type": "Point",
        "coordinates": [
          8.5666306,
          47.3645751
        ]
      },
      "id": "node/1359733090"
    },
    {
      "type": "Feature",
      "properties": {
        "@id": "node/1372260633",
        "amenity": "pharmacy",
        "dispensing": "yes",
        "healthcare": "pharmacy",
        "name": "Pharmacie Plus"
      },
      "geometry": {
        "type": "Point",
        "coordinates": [
          6.9972283,
          47.2560011
        ]
      },
      "id": "node/1372260633"
    },
    {
      "type": "Feature",
      "properties": {
        "@id": "node/1377449055",
        "addr:city": "Wetzikon ZH",
        "addr:country": "CH",
        "addr:housenumber": "16",
        "addr:postcode": "8620",
        "addr:street": "Bahnhofstrasse",
        "amenity": "pharmacy",
        "brand": "Achillea Apotheke",
        "check_date": "2023-10-30",
        "email": "bahnhof.wetzikon@achillea.ch",
        "healthcare": "pharmacy",
        "name": "Bahnhof Apotheke Wetzikon",
        "opening_hours": "Mo-Fr 07:45-18:30; Sa 07:45-16:00; PH off",
        "operator": "Dr. Bähler Dropa",
        "phone": "+41 44 932 13 30",
        "website": "https://achillea.ch/standorte/bahnhof-apotheke-wetzikon",
        "wheelchair": "yes"
      },
      "geometry": {
        "type": "Point",
        "coordinates": [
          8.7928633,
          47.3196239
        ]
      },
      "id": "node/1377449055"
    },
    {
      "type": "Feature",
      "properties": {
        "@id": "node/1390807245",
        "addr:city": "Zürich",
        "addr:country": "CH",
        "addr:housenumber": "1",
        "addr:postcode": "8057",
        "addr:street": "Seminarstrasse",
        "amenity": "pharmacy",
        "check_date": "2025-11-13",
        "check_date:opening_hours": "2025-11-13",
        "contact:email": "info@apothekeschaffhauserplatz.ch",
        "contact:fax": "+41 44 361 39 13",
        "contact:phone": "+41 44 361 61 61",
        "contact:website": "https://www.apothekeschaffhauserplatz.ch/",
        "healthcare": "pharmacy",
        "name": "Apotheke Schaffhauserplatz",
        "opening_hours": "Mo-Fr 08:00-18:30; Sa 08:00-16:00; PH off",
        "website": "https://www.apothekeschaffhauserplatz.ch/",
        "wheelchair": "yes"
      },
      "geometry": {
        "type": "Point",
        "coordinates": [
          8.5383642,
          47.3916892
        ]
      },
      "id": "node/1390807245"
    },
    {
      "type": "Feature",
      "properties": {
        "@id": "node/1412330973",
        "addr:city": "Möhlin",
        "addr:country": "CH",
        "addr:housenumber": "64",
        "addr:postcode": "4313",
        "addr:street": "Hauptstrasse",
        "amenity": "pharmacy",
        "name": "Apotheke Möhlin AG",
        "opening_hours": "Mo-Fr 08:00-12:15,13:30-18:30; Sa 08:00-16:00",
        "phone": "+41 61 851 40 40"
      },
      "geometry": {
        "type": "Point",
        "coordinates": [
          7.843539,
          47.558044
        ]
      },
      "id": "node/1412330973"
    },
    {
      "type": "Feature",
      "properties": {
        "@id": "node/1420697376",
        "amenity": "pharmacy",
        "healthcare": "pharmacy"
      },
      "geometry": {
        "type": "Point",
        "coordinates": [
          7.5716159,
          47.5233319
        ]
      },
      "id": "node/1420697376"
    },
    {
      "type": "Feature",
      "properties": {
        "@id": "node/1446081017",
        "addr:city": "Estavayer-le-Lac",
        "addr:housenumber": "2",
        "addr:postcode": "1470",
        "addr:street": "Rue du Camus",
        "amenity": "pharmacy",
        "fax": "+41 26 663 99 23",
        "healthcare": "pharmacy",
        "name": "Pharmacieplus du Camus",
        "opening_hours": "Mo-Fr 08:00-12:00,13:30-18:30; Sa 08:00-12:00,13:30-16:00",
        "phone": "+41 26 663 99 22",
        "website": "https://www.pharmacieplus.ch/fr/pharmacies/camus"
      },
      "geometry": {
        "type": "Point",
        "coordinates": [
          6.8492482,
          46.8497401
        ]
      },
      "id": "node/1446081017"
    },
    {
      "type": "Feature",
      "properties": {
        "@id": "node/1483096240",
        "amenity": "pharmacy",
        "brand": "Sun Store SA",
        "brand:wikidata": "Q2365840",
        "dispensing": "yes",
        "healthcare": "pharmacy",
        "layer": "1",
        "name": "Sun Store",
        "opening_hours": "Mo-Th 08:30-18:30; Fr 08:30-20:00; Sa 08:00-17:00",
        "phone": "+41 58 878 56 50",
        "source:website": "https://www.sunstore.ch/fr",
        "website": "https://www.cristal-centre.ch/"
      },
      "geometry": {
        "type": "Point",
        "coordinates": [
          7.0761785,
          46.1108328
        ]
      },
      "id": "node/1483096240"
    },
    {
      "type": "Feature",
      "properties": {
        "@id": "node/1504082568",
        "addr:street": "Breitestrasse",
        "amenity": "pharmacy",
        "name": "Apotheke Seuzach",
        "website": "https://www.apotheke-seuzach.ch/"
      },
      "geometry": {
        "type": "Point",
        "coordinates": [
          8.731219,
          47.535424
        ]
      },
      "id": "node/1504082568"
    },
    {
      "type": "Feature",
      "properties": {
        "@id": "node/1520147959",
        "addr:city": "Sursee",
        "addr:housenumber": "24",
        "addr:postcode": "6210",
        "addr:street": "Bahnhofstrasse",
        "amenity": "pharmacy",
        "healthcare": "pharmacy",
        "name": "Surseepark Apotheke",
        "phone": "+41419217821",
        "website": "https://www.apotheke-surseepark.ch/",
        "wheelchair": "yes"
      },
      "geometry": {
        "type": "Point",
        "coordinates": [
          8.1034561,
          47.1727839
        ]
      },
      "id": "node/1520147959"
    },
    {
      "type": "Feature",
      "properties": {
        "@id": "node/1540276106",
        "amenity": "pharmacy",
        "check_date": "2024-02-23",
        "dispensing": "yes",
        "healthcare": "pharmacy",
        "name": "Pharmacie Benu"
      },
      "geometry": {
        "type": "Point",
        "coordinates": [
          6.6328346,
          46.5147029
        ]
      },
      "id": "node/1540276106"
    },
    {
      "type": "Feature",
      "properties": {
        "@id": "node/1545780608",
        "addr:city": "Zürich",
        "addr:country": "CH",
        "addr:housenumber": "230",
        "addr:postcode": "8004",
        "addr:street": "Badenerstrasse",
        "amenity": "pharmacy",
        "brand": "Rotpunkt Apotheke",
        "check_date": "2025-10-30",
        "check_date:opening_hours": "2025-10-30",
        "dispensing": "yes",
        "healthcare": "pharmacy",
        "name": "Lochergut Apotheke",
        "opening_hours": "Mo-Fr 08:00-19:00; Sa 09:00-18:00",
        "operator": "Rotpunkt Pharma",
        "website": "https://www.lochergutapotheke.ch/",
        "wheelchair": "yes"
      },
      "geometry": {
        "type": "Point",
        "coordinates": [
          8.5175375,
          47.3756577
        ]
      },
      "id": "node/1545780608"
    },
    {
      "type": "Feature",
      "properties": {
        "@id": "node/1592876744",
        "amenity": "pharmacy",
        "healthcare": "pharmacy",
        "name": "Pharmacie du Landeron"
      },
      "geometry": {
        "type": "Point",
        "coordinates": [
          7.0674358,
          47.0558687
        ]
      },
      "id": "node/1592876744"
    },
    {
      "type": "Feature",
      "properties": {
        "@id": "node/1600187397",
        "addr:city": "Birsfelden",
        "addr:housenumber": "53",
        "addr:postcode": "4127",
        "addr:street": "Hauptstrasse",
        "amenity": "pharmacy",
        "check_date": "2025-08-07",
        "healthcare": "pharmacy",
        "name": "Hard Apotheke",
        "opening_hours": "Mo-Fr 08:00-18:30; Sa 08:00-16:00",
        "phone": "+41 61 3179777",
        "website": "https://www.hard-apotheke.ch/",
        "wheelchair": "yes"
      },
      "geometry": {
        "type": "Point",
        "coordinates": [
          7.6217233,
          47.5535059
        ]
      },
      "id": "node/1600187397"
    },
    {
      "type": "Feature",
      "properties": {
        "@id": "node/1625431886",
        "addr:city": "Zürich",
        "addr:country": "CH",
        "addr:housenumber": "242",
        "addr:postcode": "8049",
        "addr:street": "Limmattalstrasse",
        "amenity": "pharmacy",
        "brand": "Wartau Apotheke Rotpunkt",
        "email": "info@wartauapotheke.ch",
        "healthcare": "pharmacy",
        "name": "Wartau Apotheke",
        "opening_hours": "Mo-Fr 08:00-18:30; Sa 08:00-16:00",
        "operator": "Rotpunkt Pharma",
        "phone": "+41 44 341 76 46",
        "website": "https://www.wartauapotheke.ch/",
        "wheelchair": "yes"
      },
      "geometry": {
        "type": "Point",
        "coordinates": [
          8.4932544,
          47.4025802
        ]
      },
      "id": "node/1625431886"
    },
    {
      "type": "Feature",
      "properties": {
        "@id": "node/1643223200",
        "amenity": "pharmacy",
        "brand": "Benu",
        "brand:wikidata": "Q62562792",
        "healthcare": "pharmacy",
        "name": "Benu",
        "wheelchair": "no"
      },
      "geometry": {
        "type": "Point",
        "coordinates": [
          6.4998426,
          46.5100728
        ]
      },
      "id": "node/1643223200"
    },
    {
      "type": "Feature",
      "properties": {
        "@id": "node/1652181001",
        "amenity": "pharmacy",
        "brand": "Amavita",
        "brand:wikidata": "Q93733901",
        "brand:wikipedia": "de:Amavita",
        "dispensing": "yes",
        "healthcare": "pharmacy",
        "name": "Amavita"
      },
      "geometry": {
        "type": "Point",
        "coordinates": [
          9.8391864,
          46.4979644
        ]
      },
      "id": "node/1652181001"
    },
    {
      "type": "Feature",
      "properties": {
        "@id": "node/1660625072",
        "addr:city": "Plan-les-Ouates",
        "addr:housenumber": "176",
        "addr:postcode": "1228",
        "addr:street": "Route de Saint-Julien",
        "amenity": "pharmacy",
        "description": "Pharmacie Populaire Plan-Les-Ouates vous accueille pour contribuer à votre équilibre, votre santé et votre bien-être en vous offrant des prestations et des produits de qualité, dans les domaines de la pharmacie, des médecines douces et de la beauté.",
        "dispensing": "yes",
        "drive_through": "no",
        "healthcare": "pharmacy",
        "name": "Pharmacie Populaire Plan-Les-Ouates",
        "opening_hours": "Mo-Fr 08:30-19:00; Sa 9:00-18:00",
        "operator": "Pharmacie Populaire",
        "phone": "+41 22 318 69 18"
      },
      "geometry": {
        "type": "Point",
        "coordinates": [
          6.1150898,
          46.1674719
        ]
      },
      "id": "node/1660625072"
    },
    {
      "type": "Feature",
      "properties": {
        "@id": "node/1667377095",
        "addr:city": "Basel",
        "addr:housenumber": "58",
        "addr:postcode": "4056",
        "addr:street": "St. Johanns-Vorstadt",
        "amenity": "pharmacy",
        "healthcare": "pharmacy",
        "name": "St. Johann-Apotheke",
        "opening_hours": "Mo-Fr 08:15-12:15, 13:30-18:30; Sa 09:00-15:00",
        "post_office": "post_partner",
        "website": "https://stjohannapotheke.ch/",
        "wheelchair": "yes"
      },
      "geometry": {
        "type": "Point",
        "coordinates": [
          7.5838729,
          47.5644741
        ]
      },
      "id": "node/1667377095"
    },
    {
      "type": "Feature",
      "properties": {
        "@id": "node/1676168064",
        "addr:city": "Frick",
        "addr:country": "CH",
        "addr:housenumber": "26",
        "addr:postcode": "5070",
        "addr:street": "Hauptstrasse",
        "amenity": "pharmacy",
        "dispensing": "yes",
        "healthcare": "pharmacy",
        "name": "Storchen Apotheke",
        "opening_hours": "Mo-Fr 07:45-18:30; Sa 07:45-16:00",
        "payment:coins": "yes",
        "payment:maestro": "yes",
        "payment:mastercard": "yes",
        "payment:notes": "yes",
        "payment:visa": "yes",
        "phone": "+41 62 871 12 44",
        "shop": "chemist",
        "website": "https://www.storchen-apotheke.ch/",
        "wheelchair": "yes"
      },
      "geometry": {
        "type": "Point",
        "coordinates": [
          8.0173795,
          47.5096952
        ]
      },
      "id": "node/1676168064"
    },
    {
      "type": "Feature",
      "properties": {
        "@id": "node/1687796033",
        "addr:city": "Zürich",
        "addr:country": "CH",
        "addr:housenumber": "296",
        "addr:postcode": "8046",
        "addr:street": "Wehntalerstrasse",
        "amenity": "pharmacy",
        "brand": "Rotpunkt Apotheke",
        "check_date": "2025-07-24",
        "check_date:opening_hours": "2025-07-24",
        "dispensing": "yes",
        "drive_through": "no",
        "name": "Apotheke Affoltern",
        "name:de": "Apotheke Affoltern",
        "opening_hours": "Mo-Fr 08:00-18:30; Sa 08:00-16:00",
        "phone": "+41 44 371 25 33",
        "website": "https://www.apothekeaffoltern.ch/",
        "wheelchair": "yes"
      },
      "geometry": {
        "type": "Point",
        "coordinates": [
          8.5247185,
          47.4122382
        ]
      },
      "id": "node/1687796033"
    },
    {
      "type": "Feature",
      "properties": {
        "@id": "node/1704482945",
        "addr:housenumber": "16",
        "addr:postcode": "1225",
        "addr:street": "Rue de Genève",
        "amenity": "pharmacy",
        "name": "Amavita Chêne-Bourg",
        "opening_hours": "Mo-Fr 08:00-19:00; Sa 08:30-17:00"
      },
      "geometry": {
        "type": "Point",
        "coordinates": [
          6.1938542,
          46.1944873
        ]
      },
      "id": "node/1704482945"
    },
    {
      "type": "Feature",
      "properties": {
        "@id": "node/1715872986",
        "amenity": "pharmacy",
        "dispensing": "no",
        "healthcare": "pharmacy",
        "name": "Drogerie zur Sonne",
        "opening_hours": "Mo-Fr 08:30-12:00,13:30-18:30; Sa 08:00-12:00,13:30-16:00"
      },
      "geometry": {
        "type": "Point",
        "coordinates": [
          9.6563996,
          47.3853365
        ]
      },
      "id": "node/1715872986"
    },
    {
      "type": "Feature",
      "properties": {
        "@id": "node/1752151144",
        "addr:city": "Wohlen",
        "addr:housenumber": "5",
        "addr:postcode": "5610",
        "addr:street": "Bahnhofstrasse",
        "alt_name": "DROPA Hirsch Apotheke",
        "amenity": "pharmacy",
        "branch": "Wohlen",
        "brand": "DROPA",
        "brand:wikidata": "Q1260273",
        "dispensing": "yes",
        "healthcare": "pharmacy",
        "name": "Dropa Hirsch Apotheke",
        "operator": "Dr. Bähler Dropa",
        "source": "GPS",
        "toilets:wheelchair": "no",
        "website": "https://dropa.ch/standorte/dropa-hirsch-apotheke",
        "wheelchair": "yes"
      },
      "geometry": {
        "type": "Point",
        "coordinates": [
          8.272819,
          47.3495889
        ]
      },
      "id": "node/1752151144"
    },
    {
      "type": "Feature",
      "properties": {
        "@id": "node/1779731703",
        "addr:city": "Reinach AG",
        "addr:country": "CH",
        "addr:housenumber": "60",
        "addr:postcode": "5734",
        "addr:street": "Hauptstrasse",
        "amenity": "pharmacy",
        "dispensing": "yes",
        "healthcare": "pharmacy",
        "name": "Löwen-Apotheke"
      },
      "geometry": {
        "type": "Point",
        "coordinates": [
          8.182767,
          47.2510529
        ]
      },
      "id": "node/1779731703"
    },
    {
      "type": "Feature",
      "properties": {
        "@id": "node/1804876730",
        "addr:city": "Genève",
        "addr:housenumber": "81-83",
        "addr:postcode": "1202",
        "addr:street": "Rue de la Servette",
        "amenity": "pharmacy",
        "description": "Pharmacie Populaire Drugstore Rive-Droite vous accueille pour contribuer à votre équilibre, votre santé et votre bien-être en offrant des prestations et des produits de qualité, dans les domaines de la pharmacie, des médecines douces et de la beauté.",
        "dispensing": "yes",
        "drive_through": "no",
        "healthcare": "pharmacy",
        "name": "Pharmacie Populaire Drugstore Rive-Droite",
        "opening_hours": "Mo-Fr 08:00-18:45; Sa 08:30-17:30",
        "operator": "Pharmacie Populaire",
        "phone": "+41 22 318 69 08",
        "website": "https://www.pharmaciepopulaire.ch"
      },
      "geometry": {
        "type": "Point",
        "coordinates": [
          6.1317502,
          46.2124861
        ]
      },
      "id": "node/1804876730"
    },
    {
      "type": "Feature",
      "properties": {
        "@id": "node/1834662281",
        "addr:city": "Baden",
        "addr:country": "CH",
        "addr:housenumber": "13",
        "addr:postcode": "5400",
        "addr:street": "Weite Gasse",
        "amenity": "pharmacy",
        "contact:facebook": "https://www.facebook.com/people/Schwanen-Apotheke/100057664672109/",
        "dispensing": "yes",
        "drive_through": "no",
        "email": "schwanenapotheke@hin.ch",
        "healthcare": "pharmacy",
        "level": "0",
        "name": "Schwanen Apotheke",
        "opening_hours": "Mo-Fr 09:00-18:30; Sa 08:00-16:00",
        "operator": "Dispensis AG",
        "phone": "+41 56 221 14 00",
        "website": "https://www.schwanenapotheke.ch/"
      },
      "geometry": {
        "type": "Point",
        "coordinates": [
          8.3074014,
          47.4722101
        ]
      },
      "id": "node/1834662281"
    },
    {
      "type": "Feature",
      "properties": {
        "@id": "node/1841363731",
        "addr:city": "Glattbrugg",
        "addr:country": "CH",
        "addr:housenumber": "124",
        "addr:postcode": "8152",
        "addr:street": "Schaffhauserstrasse",
        "alt_name": "Topwell Apotheke Glattal",
        "amenity": "pharmacy",
        "branch": "Glattbrugg",
        "brand": "Medbase",
        "brand:wikidata": "Q50038690",
        "dispensing": "yes",
        "email": "apotheke-glattbrugg@medbase.ch",
        "healthcare": "pharmacy",
        "name": "Medbase Apotheke Glattbrugg",
        "old_name": "Glattal Apotheke",
        "opening_hours": "Mo-Fr 08:00-18:30, Sa 08:00-16:00",
        "operator": "Elham Karimi",
        "phone": "+41 43 211 57 77",
        "website": "https://www.medbase-apotheken.ch/apotheken/detail/medbase-apotheke-glattbrugg/",
        "wheelchair": "yes"
      },
      "geometry": {
        "type": "Point",
        "coordinates": [
          8.5672245,
          47.434373
        ]
      },
      "id": "node/1841363731"
    },
    {
      "type": "Feature",
      "properties": {
        "@id": "node/1866429878",
        "amenity": "pharmacy",
        "brand": "Amavita",
        "brand:wikidata": "Q93733901",
        "check_date": "2024-02-10",
        "healthcare": "pharmacy",
        "name": "Amavita",
        "name:fr": "Amavita"
      },
      "geometry": {
        "type": "Point",
        "coordinates": [
          6.1432882,
          46.196614
        ]
      },
      "id": "node/1866429878"
    },
    {
      "type": "Feature",
      "properties": {
        "@id": "node/1889987277",
        "amenity": "pharmacy",
        "contact:email": "info@apotheke-flamatt.ch",
        "contact:fax": "+41 31 7419529",
        "contact:phone": "+41 31 7411066",
        "dispensing": "yes",
        "name": "Apotheke Flamatt",
        "opening_hours": "Mo-Fr 08:00-12:00, 13:30-18:30; Sa 08:00-16:00; Su off",
        "operator": "Apotheke Flamatt AG",
        "website": "https://apotheke-flamatt.ch/"
      },
      "geometry": {
        "type": "Point",
        "coordinates": [
          7.3137385,
          46.890078
        ]
      },
      "id": "node/1889987277"
    },
    {
      "type": "Feature",
      "properties": {
        "@id": "node/1919381339",
        "amenity": "pharmacy",
        "name": "Pharmacie Amavita",
        "opening_hours": "Mo-Fr 08:00-19:00; Sa 08:00-17:00",
        "wheelchair": "yes"
      },
      "geometry": {
        "type": "Point",
        "coordinates": [
          6.1314493,
          46.2003176
        ]
      },
      "id": "node/1919381339"
    },
    {
      "type": "Feature",
      "properties": {
        "@id": "node/1928159466",
        "addr:housenumber": "22",
        "addr:postcode": "1203",
        "addr:street": "Rue Daubin",
        "amenity": "pharmacy",
        "healthcare": "pharmacy",
        "name": "Pharmacie de la Dôle",
        "opening_hours": "Mo-Fr 09:00-12:30, 14:00-18:45; Sa 09:00-12:30"
      },
      "geometry": {
        "type": "Point",
        "coordinates": [
          6.130493,
          46.2074676
        ]
      },
      "id": "node/1928159466"
    },
    {
      "type": "Feature",
      "properties": {
        "@id": "node/1943425922",
        "addr:city": "Onex",
        "addr:postcode": "1213",
        "addr:street": "Chemin de l'Auberge",
        "amenity": "pharmacy",
        "dispensing": "yes",
        "healthcare": "pharmacy",
        "name": "Pharmacie d'Onex"
      },
      "geometry": {
        "type": "Point",
        "coordinates": [
          6.0984175,
          46.1825942
        ]
      },
      "id": "node/1943425922"
    },
    {
      "type": "Feature",
      "properties": {
        "@id": "node/1966644032",
        "addr:city": "Genève",
        "addr:housenumber": "30",
        "addr:postcode": "1201",
        "addr:street": "Rue Voltaire",
        "amenity": "pharmacy",
        "check_date": "2025-07-21",
        "check_date:opening_hours": "2024-10-22",
        "description": "Pharmacie Populaire voltaire vous accueille pour contribuer à votre équilibre, votre santé et votre bien-être en vous offrant des prestations et des produits de qualité, dans les domaines de la pharmacie, des médecines douces et de la beauté.",
        "dispensing": "yes",
        "drive_through": "no",
        "healthcare": "pharmacy",
        "name": "Pharmacie Populaire Voltaire",
        "opening_hours": "Mo-Fr 08:00-19:00; Sa 08:30-13:00",
        "operator": "Pharmacie Populaire",
        "phone": "+41 22 318 69 23",
        "website": "https://www.pharmaciepopulaire.ch"
      },
      "geometry": {
        "type": "Point",
        "coordinates": [
          6.1355691,
          46.2084003
        ]
      },
      "id": "node/1966644032"
    },
    {
      "type": "Feature",
      "properties": {
        "@id": "node/1982490339",
        "addr:city": "Birmensdorf",
        "addr:housenumber": "7",
        "addr:postcode": "8903",
        "addr:street": "Zürcherstrasse",
        "amenity": "pharmacy",
        "branch": "Birmensdorf",
        "brand": "TopPharm",
        "dispensing": "yes",
        "name": "TopPharm Apotheke & Drogerie Birmensdorf",
        "operator": "TopPharm Genossenschaft",
        "website": "https://www.apotheke.ch/birmensdorf",
        "wheelchair": "yes"
      },
      "geometry": {
        "type": "Point",
        "coordinates": [
          8.4369103,
          47.3537242
        ]
      },
      "id": "node/1982490339"
    },
    {
      "type": "Feature",
      "properties": {
        "@id": "node/2024398495",
        "addr:city": "Schaffhausen",
        "addr:country": "CH",
        "addr:housenumber": "27",
        "addr:postcode": "8200",
        "addr:street": "Bahnhofstrasse",
        "amenity": "pharmacy",
        "check_date:opening_hours": "2025-07-07",
        "drive_through": "no",
        "level": "0",
        "name": "Bahnhof-Apotheke",
        "opening_hours": "Mo-Sa 07:00-20:00; Su 08:00-18:00",
        "phone": "+41 52 625 26 86",
        "website": "https://bahnhofapotheke.ch/",
        "wheelchair": "yes"
      },
      "geometry": {
        "type": "Point",
        "coordinates": [
          8.6323387,
          47.6977047
        ]
      },
      "id": "node/2024398495"
    },
    {
      "type": "Feature",
      "properties": {
        "@id": "node/2037405948",
        "addr:city": "Binningen",
        "addr:country": "CH",
        "addr:housenumber": "2",
        "addr:postcode": "4102",
        "addr:street": "Oberwilerstrasse",
        "amenity": "pharmacy",
        "dispensing": "yes",
        "healthcare": "pharmacy",
        "name": "Kronen-Apotheke",
        "phone": "+41 61 421 66 16",
        "website": "https://www.kronen-apotheke.ch/"
      },
      "geometry": {
        "type": "Point",
        "coordinates": [
          7.5714245,
          47.5374436
        ]
      },
      "id": "node/2037405948"
    },
    {
      "type": "Feature",
      "properties": {
        "@id": "node/2069927464",
        "amenity": "pharmacy",
        "healthcare": "pharmacy",
        "name": "Amavita"
      },
      "geometry": {
        "type": "Point",
        "coordinates": [
          7.1728708,
          46.8109944
        ]
      },
      "id": "node/2069927464"
    },
    {
      "type": "Feature",
      "properties": {
        "@id": "node/2080614957",
        "amenity": "pharmacy",
        "healthcare": "pharmacy",
        "name": "Tulipiers",
        "opening_hours": "Mo-Fr 08:30-18:45; Sa 09:00-12:30"
      },
      "geometry": {
        "type": "Point",
        "coordinates": [
          6.1741979,
          46.2015661
        ]
      },
      "id": "node/2080614957"
    },
    {
      "type": "Feature",
      "properties": {
        "@id": "node/2082780038",
        "amenity": "pharmacy",
        "healthcare": "pharmacy",
        "name": "Pharmacie de Frontenex",
        "opening_hours": "Mo-Fr 08:00-19:00; Sa 09:00-12:30,13:30-18:00"
      },
      "geometry": {
        "type": "Point",
        "coordinates": [
          6.164718,
          46.2026854
        ]
      },
      "id": "node/2082780038"
    },
    {
      "type": "Feature",
      "properties": {
        "@id": "node/2107009158",
        "addr:city": "Zürich",
        "addr:country": "CH",
        "addr:housename": "Wiediker Markt",
        "addr:housenumber": "320",
        "addr:postcode": "8055",
        "addr:street": "Birmensdorferstrasse",
        "amenity": "pharmacy",
        "branch": "Zürich Wiedikon M-Märt",
        "brand": "Achillea Apotheke",
        "healthcare": "pharmacy",
        "level": "0",
        "name": "Drogama Apotheke Drogerie",
        "opening_hours": "Mo-Sa 08:00-20:00; PH off",
        "operator": "Dr. Bähler Dropa",
        "shop": "chemist",
        "source": "survey",
        "website": "https://achillea.ch/standorte/drogama-apotheke-drogerie",
        "wheelchair": "yes"
      },
      "geometry": {
        "type": "Point",
        "coordinates": [
          8.5085106,
          47.3703419
        ]
      },
      "id": "node/2107009158"
    },
    {
      "type": "Feature",
      "properties": {
        "@id": "node/2120962555",
        "addr:city": "Carouge GE",
        "addr:country": "CH",
        "addr:housenumber": "24",
        "addr:street": "Rue Saint-Victor",
        "amenity": "pharmacy",
        "check_date": "2024-06-29",
        "name": "Pharmacie St-Victor",
        "opening_hours": "Mo-Fr 08:00-18:45; Sa 08:00-13:00",
        "phone": "+41 22 342 02 32"
      },
      "geometry": {
        "type": "Point",
        "coordinates": [
          6.1401698,
          46.1848898
        ]
      },
      "id": "node/2120962555"
    },
    {
      "type": "Feature",
      "properties": {
        "@id": "node/2142438888",
        "amenity": "pharmacy",
        "brand": "Sun Store",
        "brand:wikidata": "Q2365840",
        "healthcare": "pharmacy",
        "name": "Sun Store",
        "wheelchair": "yes"
      },
      "geometry": {
        "type": "Point",
        "coordinates": [
          7.1227471,
          46.7979978
        ]
      },
      "id": "node/2142438888"
    },
    {
      "type": "Feature",
      "properties": {
        "@id": "node/2163784183",
        "addr:city": "Genève",
        "addr:postcode": "1204",
        "addr:street": "Place du Bourg-de-Four",
        "amenity": "pharmacy",
        "healthcare": "pharmacy",
        "name": "Pharmacie du Bourg-de-Four",
        "opening_hours": "Mo-Fr 08:00-18:30; Sa 09:00-18:00"
      },
      "geometry": {
        "type": "Point",
        "coordinates": [
          6.1490445,
          46.2004672
        ]
      },
      "id": "node/2163784183"
    },
    {
      "type": "Feature",
      "properties": {
        "@id": "node/2164614798",
        "addr:city": "Genève",
        "addr:housenumber": "16",
        "addr:street": "Rue des Eaux-Vives",
        "amenity": "pharmacy",
        "dispensing": "no",
        "healthcare": "pharmacy",
        "name": "Eaux-Vives SA"
      },
      "geometry": {
        "type": "Point",
        "coordinates": [
          6.15814,
          46.2038201
        ]
      },
      "id": "node/2164614798"
    },
    {
      "type": "Feature",
      "properties": {
        "@id": "node/2164614849",
        "amenity": "pharmacy",
        "name": "Parmacie de Florissant"
      },
      "geometry": {
        "type": "Point",
        "coordinates": [
          6.1561049,
          46.195767
        ]
      },
      "id": "node/2164614849"
    },
    {
      "type": "Feature",
      "properties": {
        "@id": "node/2164614853",
        "amenity": "pharmacy",
        "healthcare": "pharmacy",
        "name": "Terrassière"
      },
      "geometry": {
        "type": "Point",
        "coordinates": [
          6.1572655,
          46.200929
        ]
      },
      "id": "node/2164614853"
    },
    {
      "type": "Feature",
      "properties": {
        "@id": "node/2184636198",
        "addr:city": "Genève",
        "amenity": "pharmacy",
        "check_date:opening_hours": "2024-08-28",
        "drive_through": "no",
        "healthcare": "pharmacy",
        "name": "Pharmacie Bertrand",
        "opening_hours": "Mo-Fr 08:00-18:45; Sa 08:00-12:30"
      },
      "geometry": {
        "type": "Point",
        "coordinates": [
          6.1295675,
          46.2132814
        ]
      },
      "id": "node/2184636198"
    },
    {
      "type": "Feature",
      "properties": {
        "@id": "node/2202994505",
        "amenity": "pharmacy",
        "email": "pharmacie.preverenges@ovan.ch",
        "fax": "+41 21 801 41 52",
        "healthcare": "pharmacy",
        "name": "Pharmacie de Préverenges",
        "opening_hours": "Mo-Fr 08:30-12:15,13:45-18:30; Sa 09:00-16:00",
        "phone": "+41 21 802 44 45",
        "wheelchair": "yes"
      },
      "geometry": {
        "type": "Point",
        "coordinates": [
          6.5286312,
          46.5181841
        ]
      },
      "id": "node/2202994505"
    },
    {
      "type": "Feature",
      "properties": {
        "@id": "node/2240223373",
        "amenity": "pharmacy",
        "name": "Chartreuse Drogerie"
      },
      "geometry": {
        "type": "Point",
        "coordinates": [
          7.6446729,
          46.7455238
        ]
      },
      "id": "node/2240223373"
    },
    {
      "type": "Feature",
      "properties": {
        "@id": "node/2269544829",
        "addr:city": "Saint-Légier-La Chiésaz",
        "addr:housenumber": "46e",
        "addr:street": "Route des Deux-Villages",
        "amenity": "pharmacy",
        "healthcare": "pharmacy",
        "name": "Pharmacie de St-Légier-La Chiésaz",
        "phone": "+41 21 943 36 36",
        "website": "https://www.pharmacieplus.ch/pharmacies/saint-legier-la-chiesaz"
      },
      "geometry": {
        "type": "Point",
        "coordinates": [
          6.8797322,
          46.4710947
        ]
      },
      "id": "node/2269544829"
    },
    {
      "type": "Feature",
      "properties": {
        "@id": "node/2289494989",
        "addr:city": "Zumikon",
        "addr:housenumber": "4",
        "addr:postcode": "8126",
        "addr:street": "Dorfplatz",
        "amenity": "pharmacy",
        "branch": "Zumikon",
        "brand": "Amavita",
        "name": "Amavita Zumikon",
        "operator": "GaleniCare",
        "website": "https://www.amavita.ch/de/amavita-apotheke-zumikon"
      },
      "geometry": {
        "type": "Point",
        "coordinates": [
          8.6237691,
          47.3320839
        ]
      },
      "id": "node/2289494989"
    },
    {
      "type": "Feature",
      "properties": {
        "@id": "node/2296486043",
        "amenity": "pharmacy",
        "healthcare": "pharmacy",
        "name": "Pharmacie de la Tour",
        "opening_hours": "Mo-Sa 08:00-12:15, Mo-Fr 14:00-18:45, Sa 14:00-17:00"
      },
      "geometry": {
        "type": "Point",
        "coordinates": [
          6.1182285,
          46.2308668
        ]
      },
      "id": "node/2296486043"
    },
    {
      "type": "Feature",
      "properties": {
        "@id": "node/2320578575",
        "amenity": "pharmacy",
        "dispensing": "yes",
        "level": "0",
        "name": "Apotheke Dr. Langer",
        "opening_hours": "Mo-Th 08:30-18:30;Fr 08:30-19:00;Sa 08:00-16:00;PH closed",
        "wheelchair": "yes"
      },
      "geometry": {
        "type": "Point",
        "coordinates": [
          8.3678554,
          47.3614486
        ]
      },
      "id": "node/2320578575"
    },
    {
      "type": "Feature",
      "properties": {
        "@id": "node/2325194268",
        "amenity": "pharmacy",
        "contact:addr": "Christoffelgasse 3, 3011 Bern",
        "contact:email": "mail@christoffelapotheke.ch",
        "contact:fax": "+41 31 311 44 62",
        "contact:phone": "+41 31 311 44 83",
        "contact:website": "https://www.christoffelapotheke.ch",
        "healthcare": "pharmacy",
        "name": "Christoffel-Apotheke",
        "opening_hours": "Mo-Fr 07:30-18:30; Sa 08:15-16:00"
      },
      "geometry": {
        "type": "Point",
        "coordinates": [
          7.4410478,
          46.9470929
        ]
      },
      "id": "node/2325194268"
    },
    {
      "type": "Feature",
      "properties": {
        "@id": "node/2330012335",
        "amenity": "pharmacy",
        "healthcare": "pharmacy",
        "name": "Plaza",
        "opening_hours": "Mo-Fr 07:30-21:00; Sa,Su 09:00-19:00"
      },
      "geometry": {
        "type": "Point",
        "coordinates": [
          6.1453692,
          46.2077532
        ]
      },
      "id": "node/2330012335"
    },
    {
      "type": "Feature",
      "properties": {
        "@id": "node/2337285548",
        "addr:city": "Genève",
        "addr:housenumber": "16",
        "addr:street": "Boulevard des Philosophes",
        "amenity": "pharmacy",
        "dispensing": "no",
        "healthcare": "pharmacy",
        "name": "Pharmacie des Philosophes",
        "opening_hours": "Mo-Fr 08:30-18:30"
      },
      "geometry": {
        "type": "Point",
        "coordinates": [
          6.1460148,
          46.1964998
        ]
      },
      "id": "node/2337285548"
    },
    {
      "type": "Feature",
      "properties": {
        "@id": "node/2353454619",
        "addr:city": "Brüttisellen",
        "addr:housenumber": "28",
        "addr:postcode": "8306",
        "addr:street": "Zürichstrasse",
        "amenity": "pharmacy",
        "brand": "Fortis",
        "dispensing": "yes",
        "healthcare": "pharmacy",
        "name": "Apotheke im Freihof",
        "opening_hours": "Mo-Fr 08:30-12:00,13:00-18:00, Sa 09:00-13:00",
        "website": "https://www.apotheke-imfreihof.ch/"
      },
      "geometry": {
        "type": "Point",
        "coordinates": [
          8.6297899,
          47.4235473
        ]
      },
      "id": "node/2353454619"
    },
    {
      "type": "Feature",
      "properties": {
        "@id": "node/2377810784",
        "amenity": "pharmacy",
        "brand": "Sun Store",
        "brand:wikidata": "Q2365840",
        "check_date:opening_hours": "2026-01-21",
        "healthcare": "pharmacy",
        "level": "0",
        "name": "Sun Store",
        "opening_hours": "Mo-Su 07:00-21:00",
        "operator": "Sun Store",
        "operator:wikidata": "Q2365840",
        "phone": "+41588785500",
        "wheelchair": "yes"
      },
      "geometry": {
        "type": "Point",
        "coordinates": [
          6.6286368,
          46.5171019
        ]
      },
      "id": "node/2377810784"
    },
    {
      "type": "Feature",
      "properties": {
        "@id": "node/2397270473",
        "amenity": "pharmacy",
        "check_date:opening_hours": "2022-09-09",
        "email": "apotheke@dr-hysek.ch",
        "name": "Dr. Hysek",
        "opening_hours": "Mo-Fr 08:00-12:15,13:45-18:30; Su 08:00-16:00",
        "phone": "+41 32 345 22 22",
        "website": "https://www.dr-hysek.ch/"
      },
      "geometry": {
        "type": "Point",
        "coordinates": [
          7.2669534,
          47.1525027
        ]
      },
      "id": "node/2397270473"
    },
    {
      "type": "Feature",
      "properties": {
        "@id": "node/2401239434",
        "addr:city": "Schönenwerd",
        "addr:country": "CH",
        "addr:floor": "G",
        "addr:housenumber": "3",
        "addr:postcode": "5012",
        "addr:street": "Gösgerstrasse",
        "amenity": "pharmacy",
        "check_date": "2025-05-24",
        "check_date:opening_hours": "2025-05-24",
        "description": "Apotheke",
        "dispensing": "yes",
        "drive_through": "no",
        "internet_access": "no",
        "level": "0",
        "name": "Apotheke im Gärtnerhaus",
        "opening_hours": "Mo-Fr 08:00-12:15,14:00-18:30; Sa 08:00-17:00",
        "payment:mastercard": "yes",
        "payment:visa": "yes",
        "wheelchair": "yes"
      },
      "geometry": {
        "type": "Point",
        "coordinates": [
          8.0017533,
          47.3729999
        ]
      },
      "id": "node/2401239434"
    },
    {
      "type": "Feature",
      "properties": {
        "@id": "node/2408277201",
        "alt_name": "Amavita Flughafen",
        "amenity": "pharmacy",
        "brand": "Amavita",
        "brand:wikidata": "Q93733901",
        "check_date:opening_hours": "2024-10-27",
        "dispensing": "yes",
        "email": "ama249@amavita.ch",
        "healthcare": "pharmacy",
        "level": "0",
        "name": "Amavita",
        "opening_hours": "Mo-Su 07:00-21:00",
        "operator": "GaleniCare",
        "phone": "+41 58 878 25 60",
        "website": "https://www.amavita.ch/de/amavita-apotheke-flughafen-284",
        "wheelchair": "yes"
      },
      "geometry": {
        "type": "Point",
        "coordinates": [
          8.5623131,
          47.4495927
        ]
      },
      "id": "node/2408277201"
    },
    {
      "type": "Feature",
      "properties": {
        "@id": "node/2415163914",
        "addr:city": "Lenzerheide/Lai",
        "addr:country": "CH",
        "addr:housenumber": "39",
        "addr:postcode": "7078",
        "addr:street": "Voa Principala",
        "amenity": "pharmacy",
        "healthcare": "pharmacy",
        "name": "Pill Apotheke Lai",
        "opening_hours": "Mo-Fr 08:00-12:00,14:00-18:30; Sa 08:00-17:00; Su 10:00-13:00",
        "phone": "+41 81 384 12 44",
        "website": "https://www.pill.ch/lai.html"
      },
      "geometry": {
        "type": "Point",
        "coordinates": [
          9.5576148,
          46.7276687
        ]
      },
      "id": "node/2415163914"
    },
    {
      "type": "Feature",
      "properties": {
        "@id": "node/2434379960",
        "addr:city": "Winterthur",
        "addr:housenumber": "234",
        "addr:postcode": "8404",
        "addr:street": "Römerstrasse",
        "alt_name": "Topwell Apotheke Oberi",
        "amenity": "pharmacy",
        "branch": "Winterthur Oberwinterthur",
        "brand": "Medbase",
        "brand:wikidata": "Q50038690",
        "check_date": "2025-06-11",
        "check_date:opening_hours": "2025-06-11",
        "name": "Medbase Apotheke Oberi",
        "opening_hours": "Mo-Fr 08:00-18:30; Sa 08:00-17:00",
        "operator": "Medbase Apotheken",
        "payment:cash": "yes",
        "payment:credit_cards": "yes",
        "payment:debit_cards": "yes",
        "phone": "+41 52 245 19 45",
        "website": "https://www.topwell.ch/medbaseapothekewinterthuroberi/",
        "wheelchair": "yes"
      },
      "geometry": {
        "type": "Point",
        "coordinates": [
          8.7589667,
          47.5098663
        ]
      },
      "id": "node/2434379960"
    },
    {
      "type": "Feature",
      "properties": {
        "@id": "node/2451962219",
        "addr:city": "Renens",
        "addr:housenumber": "28",
        "addr:postcode": "1020",
        "addr:street": "Avenue de Florissant",
        "amenity": "pharmacy",
        "healthcare": "pharmacy",
        "name": "pharmacieplus de florissant",
        "opening_hours": "Mo-Fr 08:00-12:30,13:30-18:30; Sa 08:00-12:30",
        "operator": "Plus"
      },
      "geometry": {
        "type": "Point",
        "coordinates": [
          6.5981428,
          46.533081
        ]
      },
      "id": "node/2451962219"
    },
    {
      "type": "Feature",
      "properties": {
        "@id": "node/2460186217",
        "amenity": "pharmacy",
        "check_date:opening_hours": "2026-03-28",
        "name": "Apotheke Roter Ochsen",
        "opening_hours": "Mo-Fr 08:00-12:15,13:15-18:30; Sa 08:00-12:00",
        "website": "https://www.volksapotheke.ch/R_310.php"
      },
      "geometry": {
        "type": "Point",
        "coordinates": [
          8.6351627,
          47.6990362
        ]
      },
      "id": "node/2460186217"
    },
    {
      "type": "Feature",
      "properties": {
        "@id": "node/2479519173",
        "addr:city": "Zürich",
        "addr:country": "CH",
        "addr:housenumber": "200",
        "addr:postcode": "8057",
        "addr:street": "Hofwiesenstrasse",
        "amenity": "pharmacy",
        "check_date": "2026-02-01",
        "check_date:opening_hours": "2026-02-01",
        "healthcare": "pharmacy",
        "name": "Wehntal-Apotheke",
        "opening_hours": "Mo-Fr 08:00-12:00,14:00-18:30; Sa 08:30-12:30",
        "website": "http://www.wehntal-apotheke.ch/",
        "wheelchair": "no"
      },
      "geometry": {
        "type": "Point",
        "coordinates": [
          8.5358866,
          47.402496
        ]
      },
      "id": "node/2479519173"
    },
    {
      "type": "Feature",
      "properties": {
        "@id": "node/2509261942",
        "amenity": "pharmacy",
        "check_date": "2025-11-08",
        "dispensing": "yes",
        "healthcare": "pharmacy",
        "name": "Rothaus",
        "opening_hours": "Mo-Fr 08:00-18:30; Sa 08:00-16:00; Su off",
        "operator": "Matthias Schaufelberger",
        "wheelchair": "yes"
      },
      "geometry": {
        "type": "Point",
        "coordinates": [
          8.6419389,
          47.269951
        ]
      },
      "id": "node/2509261942"
    },
    {
      "type": "Feature",
      "properties": {
        "@id": "node/2523291210",
        "addr:city": "Chavannes-près-Renens",
        "addr:housenumber": "14",
        "addr:postcode": "1022",
        "addr:street": "Rue de la Blancherie",
        "amenity": "pharmacy",
        "drive_through": "no",
        "healthcare": "pharmacy",
        "level": "1",
        "name": "Pharmacie de Chavannes",
        "opening_hours": "Mo-We 08:30-12:30, 13:45-18:30; Th 08:30-12:30; Fr 08:30-12:30, 13:45-18:30; Sa 09:00-12:30",
        "wheelchair": "yes"
      },
      "geometry": {
        "type": "Point",
        "coordinates": [
          6.5790262,
          46.5333239
        ]
      },
      "id": "node/2523291210"
    },
    {
      "type": "Feature",
      "properties": {
        "@id": "node/2577144564",
        "addr:city": "Muttenz",
        "addr:country": "CH",
        "addr:housenumber": "54",
        "addr:postcode": "4132",
        "addr:street": "Hauptstrasse",
        "amenity": "pharmacy",
        "contact:phone": "+41 61 461 25 25",
        "contact:website": "http://www.roessliapotheke.ch/",
        "healthcare": "pharmacy",
        "lastcheck": "2016-08-02",
        "name": "Rössli Apotheke",
        "opening_hours": "Mo-Fr 07:30-12:30,13:30-18:30; Sa 08:30-16:00"
      },
      "geometry": {
        "type": "Point",
        "coordinates": [
          7.6470676,
          47.5255047
        ]
      },
      "id": "node/2577144564"
    },
    {
      "type": "Feature",
      "properties": {
        "@id": "node/2609444424",
        "addr:city": "Luzern 16",
        "addr:housename": "Spitalzentrum",
        "addr:postcode": "6000",
        "addr:street": "Spitalstrasse",
        "amenity": "pharmacy",
        "dispensing": "yes",
        "drive_through": "no",
        "healthcare": "pharmacy",
        "name": "Spital Aphoteke",
        "operator": "Kantonsspital Luzern"
      },
      "geometry": {
        "type": "Point",
        "coordinates": [
          8.2971638,
          47.0591049
        ]
      },
      "id": "node/2609444424"
    },
    {
      "type": "Feature",
      "properties": {
        "@id": "node/2622206218",
        "amenity": "pharmacy",
        "atm": "no",
        "dispensing": "yes",
        "drive_through": "no",
        "healthcare": "pharmacy",
        "name": "Pharmacie Plus",
        "opening_hours": "Mo-Fr 07:30-18:30; Sa 07:30-18:00"
      },
      "geometry": {
        "type": "Point",
        "coordinates": [
          6.2309675,
          46.6060821
        ]
      },
      "id": "node/2622206218"
    },
    {
      "type": "Feature",
      "properties": {
        "@id": "node/2631764943",
        "amenity": "pharmacy",
        "dispensing": "yes",
        "email": "apotheke@bichsel.ch",
        "fax": "+41 33 827 60 10",
        "healthcare": "pharmacy",
        "name": "Grosse Apotheke Dr. Bichsel",
        "opening_hours": "Mo-Fr 07:30-18:30; Sa 08:00-17:00",
        "phone": "+41 33 827 60 00",
        "website": "https://www.bichsel.ch/"
      },
      "geometry": {
        "type": "Point",
        "coordinates": [
          7.8539345,
          46.6845976
        ]
      },
      "id": "node/2631764943"
    },
    {
      "type": "Feature",
      "properties": {
        "@id": "node/2647639683",
        "addr:city": "Wil SG",
        "addr:housenumber": "45",
        "addr:postcode": "9500",
        "addr:street": "Obere Bahnhofstrasse",
        "amenity": "pharmacy",
        "brand": "Rotpunkt Apotheke",
        "check_date": "2025-08-08",
        "healthcare": "pharmacy",
        "name": "Löwen-Apotheke",
        "website": "https://www.rotpunkt-apotheken.ch/apotheken/loewen-apotheke-wil/"
      },
      "geometry": {
        "type": "Point",
        "coordinates": [
          9.0460888,
          47.4651479
        ]
      },
      "id": "node/2647639683"
    },
    {
      "type": "Feature",
      "properties": {
        "@id": "node/2713017352",
        "addr:city": "Rheinfelden",
        "addr:country": "CH",
        "addr:housenumber": "14",
        "addr:postcode": "4310",
        "addr:street": "Marktgasse",
        "amenity": "pharmacy",
        "check_date": "2025-08-28",
        "healthcare": "pharmacy",
        "name": "Löwen Apotheke",
        "website": "https://www.xn--lwenapothekerheinfelden-7kc.ch/de/angebote"
      },
      "geometry": {
        "type": "Point",
        "coordinates": [
          7.793366,
          47.5553536
        ]
      },
      "id": "node/2713017352"
    },
    {
      "type": "Feature",
      "properties": {
        "@id": "node/2757775186",
        "addr:city": "Baden",
        "addr:country": "CH",
        "addr:housenumber": "5",
        "addr:postcode": "5400",
        "addr:street": "Badstrasse",
        "amenity": "pharmacy",
        "brand": "Benu",
        "brand:wikidata": "Q62562792",
        "check_date": "2026-01-02",
        "dispensing": "yes",
        "drive_through": "no",
        "email": "baden-schlossberg@benu.ch",
        "healthcare": "pharmacy",
        "name": "BENU Baden Schlossberg",
        "opening_hours": "Mo-Fr 08:00-18:30; Sa 08:00-17:00",
        "operator": "Pharmacies BENU SA",
        "phone": "+41 56 221 77 00",
        "website": "https://www.benu.ch/",
        "wheelchair": "yes"
      },
      "geometry": {
        "type": "Point",
        "coordinates": [
          8.3077194,
          47.4740131
        ]
      },
      "id": "node/2757775186"
    },
    {
      "type": "Feature",
      "properties": {
        "@id": "node/2765365506",
        "amenity": "pharmacy",
        "brand": "Amavita",
        "brand:wikidata": "Q93733901",
        "healthcare": "pharmacy",
        "name": "Amavita"
      },
      "geometry": {
        "type": "Point",
        "coordinates": [
          7.347604,
          47.3646043
        ]
      },
      "id": "node/2765365506"
    },
    {
      "type": "Feature",
      "properties": {
        "@id": "node/2818875628",
        "addr:city": "Kirchberg",
        "addr:housenumber": "1",
        "addr:postcode": "3422",
        "addr:street": "Zürichstrasse",
        "amenity": "pharmacy",
        "branch": "Kirchberg BE",
        "brand": "TopPharm",
        "check_date": "2026-01-15",
        "dispensing": "yes",
        "name": "Schröter",
        "old_name": "Apotheke beim Zentrum",
        "operator": "TopPharm Genossenschaft",
        "toilets:wheelchair": "no",
        "website": "https://www.apotheke.ch/kirchberg",
        "wheelchair": "yes"
      },
      "geometry": {
        "type": "Point",
        "coordinates": [
          7.5839465,
          47.0866981
        ]
      },
      "id": "node/2818875628"
    },
    {
      "type": "Feature",
      "properties": {
        "@id": "node/2853179791",
        "addr:city": "Villmergen",
        "addr:housenumber": "6a",
        "addr:postcode": "5612",
        "addr:street": "Alte Bahnhofstrasse",
        "amenity": "pharmacy",
        "brand": "Fortis",
        "check_date:opening_hours": "2021-11-05",
        "dispensing": "yes",
        "name": "Berg-Apotheke",
        "opening_hours": "Mo-Fr 07:45-18:30; Sa 07:45-16:00; PH off",
        "operator": "Berg-Apotheke Jost AG",
        "website": "https://www.bergapotheke.ch/",
        "wheelchair": "yes"
      },
      "geometry": {
        "type": "Point",
        "coordinates": [
          8.2453169,
          47.3463872
        ]
      },
      "id": "node/2853179791"
    },
    {
      "type": "Feature",
      "properties": {
        "@id": "node/2866713960",
        "addr:housenumber": "19",
        "addr:street": "Parkstrasse",
        "amenity": "pharmacy",
        "check_date": "2025-09-07",
        "dispensing": "no",
        "healthcare": "pharmacy",
        "name": "Rigi Apotheke",
        "opening_hours": "Mo-Fr 08:00-19:00; Sa 08:00-17:00",
        "payment:credit_cards": "yes",
        "payment:mastercard": "yes",
        "payment:visa": "yes",
        "wheelchair": "yes"
      },
      "geometry": {
        "type": "Point",
        "coordinates": [
          8.5502605,
          47.0506341
        ]
      },
      "id": "node/2866713960"
    },
    {
      "type": "Feature",
      "properties": {
        "@id": "node/2902973304",
        "amenity": "pharmacy",
        "dispensing": "yes",
        "level": "0",
        "name": "Löwen-Apotheke",
        "opening_hours": "Mo-Fr 08:30-19:00; Sa 08:00-18:00; PH closed"
      },
      "geometry": {
        "type": "Point",
        "coordinates": [
          8.4022509,
          47.4049414
        ]
      },
      "id": "node/2902973304"
    },
    {
      "type": "Feature",
      "properties": {
        "@id": "node/2938031716",
        "addr:city": "Locarno",
        "addr:country": "CH",
        "addr:housenumber": "16",
        "addr:postcode": "6600",
        "addr:street": "Via alla Ramogna",
        "amenity": "pharmacy",
        "check_date": "2026-01-12",
        "check_date:opening_hours": "2026-01-12",
        "healthcare": "pharmacy",
        "name": "Farmacia Maggiorini",
        "opening_hours": "Mo-Fr 08:00-18:30; Sa 08:00-17:00",
        "wheelchair": "yes"
      },
      "geometry": {
        "type": "Point",
        "coordinates": [
          8.7988822,
          46.1704824
        ]
      },
      "id": "node/2938031716"
    },
    {
      "type": "Feature",
      "properties": {
        "@id": "node/2955574980",
        "addr:city": "Schaffhausen",
        "addr:housenumber": "10",
        "addr:postcode": "8207",
        "addr:street": "Stüdliackerstrasse",
        "amenity": "pharmacy",
        "brand": "Achillea Apotheke",
        "name": "Apotheke Herblingermarkt",
        "operator": "Dr. Bähler Dropa",
        "website": "https://achillea.ch/standorte/apotheke-herblingermarkt"
      },
      "geometry": {
        "type": "Point",
        "coordinates": [
          8.6647564,
          47.7208609
        ]
      },
      "id": "node/2955574980"
    },
    {
      "type": "Feature",
      "properties": {
        "@id": "node/3016773030",
        "addr:city": "Morges",
        "addr:country": "CH",
        "addr:housenumber": "4",
        "addr:postcode": "1110",
        "addr:street": "Rue des Fossés",
        "amenity": "pharmacy",
        "healthcare": "pharmacy",
        "level": "0",
        "name": "Coop Vitality",
        "operator": "Coop",
        "payment:twint": "yes",
        "website": "https://www.coop.ch/vitality/",
        "wheelchair": "yes"
      },
      "geometry": {
        "type": "Point",
        "coordinates": [
          6.4973807,
          46.510173
        ]
      },
      "id": "node/3016773030"
    },
    {
      "type": "Feature",
      "properties": {
        "@id": "node/3037562770",
        "addr:city": "Mendrisio",
        "addr:country": "CH",
        "addr:housenumber": "19",
        "addr:postcode": "6850",
        "addr:street": "Via Luigi Lavizzari",
        "amenity": "pharmacy",
        "check_date:opening_hours": "2026-05-30",
        "healthcare": "pharmacy",
        "name": "Farmacia Amavita Lurà",
        "opening_hours": "Mo-Fr 07:30-18:30; Sa 07:30-12:30",
        "source": "Website and Survey"
      },
      "geometry": {
        "type": "Point",
        "coordinates": [
          8.9863709,
          45.8704729
        ]
      },
      "id": "node/3037562770"
    },
    {
      "type": "Feature",
      "properties": {
        "@id": "node/3050568448",
        "addr:street": "Corso San Gottardo",
        "amenity": "pharmacy",
        "dispensing": "yes",
        "healthcare": "pharmacy",
        "mapillary": "468980924223811",
        "name": "Farmacia Internazionale",
        "phone": "+41 91 690 10 50",
        "survey:date": "2018-08-12"
      },
      "geometry": {
        "type": "Point",
        "coordinates": [
          9.0315514,
          45.8330109
        ]
      },
      "id": "node/3050568448"
    },
    {
      "type": "Feature",
      "properties": {
        "@id": "node/3051936026",
        "amenity": "pharmacy",
        "healthcare": "pharmacy",
        "name": "Farmacia Quisiana",
        "phone": "+41 91 682 03 23",
        "source": "survey and website",
        "website": "https://www.farmaciaquisisana.ch/"
      },
      "geometry": {
        "type": "Point",
        "coordinates": [
          8.9798302,
          45.8406291
        ]
      },
      "id": "node/3051936026"
    },
    {
      "type": "Feature",
      "properties": {
        "@id": "node/3062858705",
        "addr:city": "Thusis",
        "addr:housenumber": "71",
        "addr:postcode": "7430",
        "addr:street": "Neudorfstrasse",
        "amenity": "pharmacy",
        "dispensing": "yes",
        "drive_through": "no",
        "healthcare": "pharmacy",
        "name": "Rhein Apotheke",
        "opening_hours": "Mo-Fr 08:00-12:00,13:30-18:30; Sa 08:00-16:00",
        "phone": "+41 81 651 11 10",
        "wheelchair": "yes"
      },
      "geometry": {
        "type": "Point",
        "coordinates": [
          9.4394164,
          46.6979861
        ]
      },
      "id": "node/3062858705"
    },
    {
      "type": "Feature",
      "properties": {
        "@id": "node/3099910646",
        "addr:city": "Collombey",
        "addr:housenumber": "3",
        "addr:postcode": "1868",
        "addr:street": "Chemin du Verger",
        "amenity": "pharmacy",
        "check_date:opening_hours": "2022-09-05",
        "drive_through": "no",
        "healthcare": "pharmacy",
        "name": "Pharmacie des Puits",
        "opening_hours": "Mo-Fr 08:00-18:30; Sa 08:00-12:00",
        "website": "https://www.pharmaciedespuits.ch/",
        "wheelchair": "yes"
      },
      "geometry": {
        "type": "Point",
        "coordinates": [
          6.9467864,
          46.2665629
        ]
      },
      "id": "node/3099910646"
    },
    {
      "type": "Feature",
      "properties": {
        "@id": "node/3141319503",
        "amenity": "pharmacy",
        "healthcare": "pharmacy",
        "name": "Pharmacie de Genolier"
      },
      "geometry": {
        "type": "Point",
        "coordinates": [
          6.2166626,
          46.4354508
        ]
      },
      "id": "node/3141319503"
    },
    {
      "type": "Feature",
      "properties": {
        "@id": "node/3152816583",
        "addr:city": "Mendrisio",
        "addr:country": "CH",
        "addr:housenumber": "6",
        "addr:postcode": "6850",
        "addr:street": "Via Gismonda",
        "amenity": "pharmacy",
        "healthcare": "pharmacy",
        "name": "Farmacia Accademia",
        "opening_hours": "Mo-Fr 08:00-18:30; Sa 08:00-12:00",
        "phone": "+41 91 646 12 35"
      },
      "geometry": {
        "type": "Point",
        "coordinates": [
          8.9857439,
          45.8686578
        ]
      },
      "id": "node/3152816583"
    },
    {
      "type": "Feature",
      "properties": {
        "@id": "node/3200645639",
        "addr:city": "Le Mont-sur-Lausanne",
        "addr:housenumber": "16",
        "addr:postcode": "1052",
        "addr:street": "Place du Grand-Mont",
        "amenity": "pharmacy",
        "dispensing": "yes",
        "healthcare": "pharmacy",
        "name": "Pharmacie du Mont",
        "opening_hours": "Mo-Fr 08:00-12:15,13:45-18:30; Sa 08:00-12:15",
        "phone": "+41 21 652 83 48"
      },
      "geometry": {
        "type": "Point",
        "coordinates": [
          6.631814,
          46.5621617
        ]
      },
      "id": "node/3200645639"
    },
    {
      "type": "Feature",
      "properties": {
        "@id": "node/3242633020",
        "addr:city": "Coldrerio",
        "addr:country": "CH",
        "addr:housenumber": "29",
        "addr:postcode": "6877",
        "addr:street": "Via San Gottardo",
        "amenity": "pharmacy",
        "healthcare": "pharmacy",
        "name": "Farmacia Bernasconi",
        "phone": "+41 91 646 49 22"
      },
      "geometry": {
        "type": "Point",
        "coordinates": [
          8.9879534,
          45.8566991
        ]
      },
      "id": "node/3242633020"
    },
    {
      "type": "Feature",
      "properties": {
        "@id": "node/3267887805",
        "addr:city": "Unterägeri",
        "addr:housenumber": "32",
        "addr:postcode": "6314",
        "addr:street": "Zugerstrasse",
        "amenity": "pharmacy",
        "branch": "Unterägeri",
        "brand": "Amavita",
        "brand:wikidata": "Q93733901",
        "dispensing": "yes",
        "healthcare": "pharmacy",
        "name": "Amavita",
        "operator": "GaleniCare",
        "website": "https://www.amavita.ch/de/amavita-apotheke-unterageri"
      },
      "geometry": {
        "type": "Point",
        "coordinates": [
          8.5795196,
          47.1382235
        ]
      },
      "id": "node/3267887805"
    },
    {
      "type": "Feature",
      "properties": {
        "@id": "node/3288706425",
        "addr:city": "Münchenstein",
        "addr:country": "CH",
        "addr:housenumber": "71",
        "addr:postcode": "4142",
        "addr:street": "Baselstrasse",
        "amenity": "pharmacy",
        "branch": "Münchenstein Zollweiden",
        "brand": "TopPharm",
        "brand:wikidata": "Q110277794",
        "healthcare": "pharmacy",
        "name": "TopPharm",
        "opening_hours": "Mo-Fr 08:00-12:15,13:30-18:30; Sa 07:30-16:00",
        "operator": "TopPharm Genossenschaft",
        "phone": "+41 61 411 50 05",
        "website": "https://www.apotheke.ch/zollweiden"
      },
      "geometry": {
        "type": "Point",
        "coordinates": [
          7.6178074,
          47.5228203
        ]
      },
      "id": "node/3288706425"
    },
    {
      "type": "Feature",
      "properties": {
        "@id": "node/3294336417",
        "addr:city": "Chiasso",
        "addr:country": "CH",
        "addr:housenumber": "102",
        "addr:postcode": "6830",
        "addr:street": "Corso San Gottardo",
        "amenity": "pharmacy",
        "healthcare": "pharmacy",
        "name": "Farmacia Moderna",
        "opening_hours": "Mo-Fr 08:30-18:30;Sa 08:30-12:00",
        "phone": "+41 91 683 20 29",
        "website": "https://www.quolibet.ch/moderna_ds.html"
      },
      "geometry": {
        "type": "Point",
        "coordinates": [
          9.0230675,
          45.8376333
        ]
      },
      "id": "node/3294336417"
    },
    {
      "type": "Feature",
      "properties": {
        "@id": "node/3324442093",
        "addr:city": "Affoltern am Albis",
        "addr:floor": "0",
        "addr:housenumber": "12",
        "addr:postcode": "8910",
        "addr:street": "Obere Bahnhofstrasse",
        "amenity": "pharmacy",
        "branch": "Affoltern am Albis",
        "brand": "Amavita",
        "brand:wikidata": "Q93733901",
        "check_date": "2025-05-26",
        "email": "ama220@amavita.ch",
        "healthcare": "pharmacy",
        "name": "Amavita",
        "opening_hours": "Mo-Fr 08:00-12:00,13:00-18:30; Sa 08:00-16:00",
        "operator": "GaleniCare",
        "payment:cash": "yes",
        "payment:credit_cards": "yes",
        "payment:debit_cards": "yes",
        "phone": "+41 58 851 32 20",
        "toilets:wheelchair": "no",
        "website": "https://www.amavita.ch/de/amavita-apotheke-affoltern-a-a",
        "wheelchair": "yes"
      },
      "geometry": {
        "type": "Point",
        "coordinates": [
          8.449761,
          47.2771659
        ]
      },
      "id": "node/3324442093"
    },
    {
      "type": "Feature",
      "properties": {
        "@id": "node/3325925745",
        "addr:city": "Allschwil",
        "addr:housenumber": "215",
        "addr:postcode": "4123",
        "addr:street": "Spitzwaldstrasse",
        "amenity": "pharmacy",
        "branch": "Allschwil Paradies",
        "brand": "Amavita",
        "email": "ama243@amavita.ch",
        "name": "Amavita Paradies",
        "opening_hours": "Mo-Fr 08:00-20:00; Sa 08:00-18:00",
        "operator": "GaleniCare",
        "phone": "+41 58 851 32 43",
        "website": "https://www.amavita.ch/de/amavita-apotheke-paradies",
        "wheelchair": "yes"
      },
      "geometry": {
        "type": "Point",
        "coordinates": [
          7.5540621,
          47.5474625
        ]
      },
      "id": "node/3325925745"
    },
    {
      "type": "Feature",
      "properties": {
        "@id": "node/3417886382",
        "amenity": "pharmacy",
        "check_date:opening_hours": "2021-07-25",
        "healthcare": "pharmacy",
        "name": "Pharmacie Amavita Ancien Stand",
        "opening_hours": "Mo-Fr 08:00-12:15,13:30-18:30; Sa 08:00-12:30",
        "operator": "Amavita",
        "wheelchair": "limited"
      },
      "geometry": {
        "type": "Point",
        "coordinates": [
          6.6274636,
          46.5328295
        ]
      },
      "id": "node/3417886382"
    },
    {
      "type": "Feature",
      "properties": {
        "@id": "node/3475058343",
        "amenity": "pharmacy",
        "branch": "Chly Wabern",
        "brand": "Amavita",
        "brand:wikidata": "Q93733901",
        "brand:wikipedia": "de:Amavita",
        "check_date:opening_hours": "2021-09-14",
        "email": "ama203@amavita.ch",
        "fax": "+41 58 878 24 09",
        "healthcare": "pharmacy",
        "level": "-1",
        "name": "Amavita",
        "opening_hours": "Mo-We 08:00-19:00; Th,Fr 08:00-20:00; Sa 07:30-17:00; Su,PH closed",
        "phone": "+41 58 878 24 00"
      },
      "geometry": {
        "type": "Point",
        "coordinates": [
          7.4597249,
          46.9224696
        ]
      },
      "id": "node/3475058343"
    },
    {
      "type": "Feature",
      "properties": {
        "@id": "node/3522132664",
        "amenity": "pharmacy",
        "brand": "Sun Store SA",
        "brand:wikidata": "Q2365840",
        "check_date:opening_hours": "2021-03-09",
        "healthcare": "pharmacy",
        "name": "Sun Store",
        "opening_hours": "Mo-Fr 07:30-19:00, Sa 07:30-18:00",
        "payment:twint": "yes"
      },
      "geometry": {
        "type": "Point",
        "coordinates": [
          6.6318153,
          46.5229345
        ]
      },
      "id": "node/3522132664"
    },
    {
      "type": "Feature",
      "properties": {
        "@id": "node/3541189612",
        "addr:housenumber": "14-20",
        "addr:street": "Avenue de France",
        "amenity": "pharmacy",
        "brand": "Sun Store SA",
        "brand:wikidata": "Q2365840",
        "healthcare": "pharmacy",
        "name": "Sun Store",
        "opening_hours": "Mo-Th 08:00-18:30; Fr 08:00-20:00; Sa 08:00-17:00",
        "phone": "+41 58 878 59 00",
        "website": "https://www.sunstore.ch/fr/pharmacie-sun-store-sion-metropole"
      },
      "geometry": {
        "type": "Point",
        "coordinates": [
          7.3559848,
          46.2286123
        ]
      },
      "id": "node/3541189612"
    },
    {
      "type": "Feature",
      "properties": {
        "@id": "node/3569466897",
        "addr:city": "Solduno",
        "addr:housenumber": "73",
        "addr:postcode": "6600",
        "addr:street": "Via Alberto Franzoni",
        "amenity": "pharmacy",
        "check_date": "2025-11-13",
        "healthcare": "pharmacy",
        "name": "Farmacia Solduno"
      },
      "geometry": {
        "type": "Point",
        "coordinates": [
          8.7782215,
          46.1692214
        ]
      },
      "id": "node/3569466897"
    },
    {
      "type": "Feature",
      "properties": {
        "@id": "node/3618304629",
        "addr:housenumber": "4",
        "addr:street": "Gossauerstrasse",
        "amenity": "pharmacy",
        "healthcare": "pharmacy",
        "name": "Apotheke Zum Regenbogen"
      },
      "geometry": {
        "type": "Point",
        "coordinates": [
          9.2784087,
          47.3864467
        ]
      },
      "id": "node/3618304629"
    },
    {
      "type": "Feature",
      "properties": {
        "@id": "node/3622682584",
        "addr:city": "Luzern",
        "addr:housenumber": "26",
        "addr:postcode": "6003",
        "addr:street": "Moosstrasse",
        "amenity": "pharmacy",
        "dispensing": "yes",
        "drive_through": "no",
        "healthcare": "pharmacy",
        "name": "Neustadt Apotheke",
        "opening_hours": "Mo-Fr 07:45-12:15,13:30-18:30; Sa 07:45-16:00",
        "phone": "+41412104340",
        "website": "https://apotheke-neustadt.ch"
      },
      "geometry": {
        "type": "Point",
        "coordinates": [
          8.3069846,
          47.0454013
        ]
      },
      "id": "node/3622682584"
    },
    {
      "type": "Feature",
      "properties": {
        "@id": "node/3659556587",
        "addr:city": "Maienfeld",
        "addr:country": "CH",
        "addr:housenumber": "12",
        "addr:postcode": "7304",
        "addr:street": "Aeuli",
        "amenity": "pharmacy",
        "dispensing": "yes",
        "drive_through": "no",
        "name": "Apotheke Maienfeld",
        "phone": "+41 81 302 11 77",
        "website": "https://www.apotheke-maienfeld.ch/",
        "wheelchair": "yes"
      },
      "geometry": {
        "type": "Point",
        "coordinates": [
          9.5301027,
          47.0053023
        ]
      },
      "id": "node/3659556587"
    },
    {
      "type": "Feature",
      "properties": {
        "@id": "node/3670528299",
        "addr:city": "Saint-Blaise",
        "addr:housenumber": "11",
        "addr:postcode": "2072",
        "addr:street": "Grand'Rue",
        "amenity": "pharmacy",
        "healthcare": "pharmacy",
        "name": "Pharmacie de St-Blaise, P. Breguet",
        "phone": "+41 32 753 18 42"
      },
      "geometry": {
        "type": "Point",
        "coordinates": [
          6.9862682,
          47.013344
        ]
      },
      "id": "node/3670528299"
    },
    {
      "type": "Feature",
      "properties": {
        "@id": "node/3681157582",
        "addr:city": "Schlieren",
        "addr:country": "CH",
        "addr:housenumber": "3",
        "addr:postcode": "8952",
        "addr:street": "Ringstrasse",
        "amenity": "pharmacy",
        "brand": "Rotpunkt Apotheke",
        "check_date": "2025-09-08",
        "check_date:opening_hours": "2023-11-10",
        "dispensing": "no",
        "drive_through": "no",
        "name": "Apotheke Parkside",
        "opening_hours": "Mo-Fr 08:00-19:00; Sa 08:30-17:00",
        "operator": "Rotpunkt Pharma",
        "phone": "+41 44 741 59 89",
        "toilets:wheelchair": "yes",
        "website": "https://www.apotheke-parkside.ch/",
        "wheelchair": "yes"
      },
      "geometry": {
        "type": "Point",
        "coordinates": [
          8.4477019,
          47.3984348
        ]
      },
      "id": "node/3681157582"
    },
    {
      "type": "Feature",
      "properties": {
        "@id": "node/3685159312",
        "addr:city": "Cernier",
        "addr:country": "CH",
        "addr:housenumber": "4",
        "addr:street": "Rue Frédéric Soguel",
        "amenity": "pharmacy",
        "dispensing": "yes",
        "email": "pharmaciemarti@ovan.ch",
        "fax": "+41 32 853 30 30",
        "name": "pharmacieplus marti",
        "opening_hours": "Mo-We 08:00-19:00; Th 08:00-20:00; Fr 08:00-19:00; Sa 08:00-18:00",
        "phone": "+41 32 853 21 72",
        "source": "Orthophotos 2006 SITN 50cm",
        "website": "https://pharmaciemarti.ch/",
        "wheelchair": "yes"
      },
      "geometry": {
        "type": "Point",
        "coordinates": [
          6.901185,
          47.0589146
        ]
      },
      "id": "node/3685159312"
    },
    {
      "type": "Feature",
      "properties": {
        "@id": "node/3692081673",
        "addr:city": "Carouge GE",
        "addr:country": "CH",
        "addr:housenumber": "23",
        "addr:street": "Rue de la Fontenette",
        "amenity": "pharmacy",
        "name": "Pharmacie de la Fontenette",
        "opening_hours": "Mo-Fr 08:30-12:30,14:00-18:30; Sa 09:00-12:00",
        "phone": "+41 22 342 54 75"
      },
      "geometry": {
        "type": "Point",
        "coordinates": [
          6.145813,
          46.1836512
        ]
      },
      "id": "node/3692081673"
    },
    {
      "type": "Feature",
      "properties": {
        "@id": "node/3713832205",
        "addr:city": "Colombier NE",
        "addr:housenumber": "23a",
        "addr:postcode": "2013",
        "addr:street": "Rue Haute",
        "amenity": "pharmacy",
        "dispensing": "yes",
        "healthcare": "pharmacy",
        "name": "PharmaciePlus",
        "phone": "+41 32 843 67 00"
      },
      "geometry": {
        "type": "Point",
        "coordinates": [
          6.8582459,
          46.9654945
        ]
      },
      "id": "node/3713832205"
    },
    {
      "type": "Feature",
      "properties": {
        "@id": "node/3730490315",
        "amenity": "pharmacy",
        "brand": "Amavita",
        "brand:wikidata": "Q93733901",
        "brand:wikipedia": "de:Amavita",
        "healthcare": "pharmacy",
        "level": "0",
        "name": "Amavita"
      },
      "geometry": {
        "type": "Point",
        "coordinates": [
          6.4854085,
          46.5071567
        ]
      },
      "id": "node/3730490315"
    },
    {
      "type": "Feature",
      "properties": {
        "@id": "node/3754927752",
        "addr:city": "Muhen",
        "addr:housenumber": "38",
        "addr:postcode": "5037",
        "addr:street": "Hauptstrasse",
        "amenity": "pharmacy",
        "branch": "Muhen",
        "brand": "TopPharm",
        "check_date": "2023-12-05",
        "healthcare": "pharmacy",
        "name": "TopPharm Zentrum Apotheke",
        "operator": "TopPharm Genossenschaft",
        "website": "https://www.apotheke.ch/muhen"
      },
      "geometry": {
        "type": "Point",
        "coordinates": [
          8.0545662,
          47.3344994
        ]
      },
      "id": "node/3754927752"
    },
    {
      "type": "Feature",
      "properties": {
        "@id": "node/3768118198",
        "addr:city": "Genève",
        "addr:housenumber": "42b",
        "addr:postcode": "1209",
        "addr:street": "Rue de Moillebeau",
        "amenity": "pharmacy",
        "description": "Pharmacie Populaire Moillebeau vous accueille pour contribuer à votre équilibre, à votre santé et à votre bien-être en offrant des prestations et des produits, dans les domaines de la pharmacie, des médecines douces et de la beauté.",
        "dispensing": "yes",
        "drive_through": "no",
        "healthcare": "pharmacy",
        "name": "Pharmacie Populaire Moillebeau",
        "opening_hours": "Mo-Sa 08:00-19:00; Sa 09:00-17:00",
        "operator": "Pharmacie Populaire",
        "phone": "+41 22 318 69 21",
        "website": "https://www.pharmaciepopulaire.ch"
      },
      "geometry": {
        "type": "Point",
        "coordinates": [
          6.1298072,
          46.2205053
        ]
      },
      "id": "node/3768118198"
    },
    {
      "type": "Feature",
      "properties": {
        "@id": "node/3785112100",
        "amenity": "pharmacy",
        "name": "Farmacia Ascona"
      },
      "geometry": {
        "type": "Point",
        "coordinates": [
          8.7696471,
          46.1571614
        ]
      },
      "id": "node/3785112100"
    },
    {
      "type": "Feature",
      "properties": {
        "@id": "node/3806510697",
        "addr:city": "Zürich",
        "addr:country": "CH",
        "addr:housenumber": "12",
        "addr:postcode": "8048",
        "addr:street": "Altstetterplatz",
        "alt_name": "BENU Apotheke Altstetten",
        "amenity": "pharmacy",
        "branch": "Zürich Altstetten",
        "brand": "Benu",
        "brand:wikidata": "Q62562792",
        "check_date": "2025-10-10",
        "check_date:opening_hours": "2025-10-10",
        "dispensing": "yes",
        "drive_through": "no",
        "healthcare": "pharmacy",
        "level": "0",
        "name": "BENU Apotheke",
        "old_name": "Amavita Altstetten",
        "opening_hours": "Mo-Fr 07:00-18:30; Sa 08:00-14:00; PH off",
        "operator": "BENU Pharmacies",
        "payment:account_cards": "yes",
        "payment:app": "yes",
        "payment:cards": "yes",
        "payment:cash": "yes",
        "website": "https://www.benu.ch/de/unsere-apotheken/benu-z%C3%BCrich-altstetten/",
        "wheelchair": "yes"
      },
      "geometry": {
        "type": "Point",
        "coordinates": [
          8.4892603,
          47.3913118
        ]
      },
      "id": "node/3806510697"
    },
    {
      "type": "Feature",
      "properties": {
        "@id": "node/3853288857",
        "addr:city": "Klosters",
        "addr:country": "CH",
        "addr:housenumber": "11",
        "addr:postcode": "7250",
        "addr:street": "Alte Bahnhofstrasse",
        "amenity": "pharmacy",
        "healthcare": "pharmacy",
        "name": "Helios",
        "opening_hours": "Mo-Fr 07:45-12:00, 14:00-18:30; Sa 07:45-12:00, 14:00-16:00",
        "operator": "Helios Apotheke Klosters AG"
      },
      "geometry": {
        "type": "Point",
        "coordinates": [
          9.8820701,
          46.8678046
        ]
      },
      "id": "node/3853288857"
    },
    {
      "type": "Feature",
      "properties": {
        "@id": "node/3888944673",
        "amenity": "pharmacy",
        "healthcare": "pharmacy",
        "name": "cityapotheke"
      },
      "geometry": {
        "type": "Point",
        "coordinates": [
          7.5924417,
          47.553184
        ]
      },
      "id": "node/3888944673"
    },
    {
      "type": "Feature",
      "properties": {
        "@id": "node/3899487414",
        "amenity": "pharmacy",
        "brand": "Amavita",
        "brand:wikidata": "Q93733901",
        "check_date:opening_hours": "2024-02-17",
        "dispensing": "yes",
        "drive_through": "no",
        "email": "apotheke.ittigen@amavita.ch",
        "fax": "+41 58 878 33 49",
        "healthcare": "pharmacy",
        "name": "Amavita",
        "opening_hours": "Mo-Th 08:00-19:00; Fr 08:00-20:00; Sa 08:00-17:00; Su,PH closed",
        "phone": "+41 58 878 33 40"
      },
      "geometry": {
        "type": "Point",
        "coordinates": [
          7.4848901,
          46.9740469
        ]
      },
      "id": "node/3899487414"
    },
    {
      "type": "Feature",
      "properties": {
        "@id": "node/3909885575",
        "amenity": "pharmacy",
        "name": "Pharmacie de St-Prex"
      },
      "geometry": {
        "type": "Point",
        "coordinates": [
          6.4571869,
          46.4821186
        ]
      },
      "id": "node/3909885575"
    },
    {
      "type": "Feature",
      "properties": {
        "@id": "node/3928701140",
        "amenity": "pharmacy",
        "check_date:opening_hours": "2025-04-06",
        "healthcare": "pharmacy",
        "name": "Farmacia di Caslano",
        "opening_hours": "Mo-Fr 08:00-18:30; Sa 08:00-17:00",
        "phone": "+41 91 600 94 44",
        "website": "https://www.farmaciadicaslano.ch/",
        "wheelchair": "yes"
      },
      "geometry": {
        "type": "Point",
        "coordinates": [
          8.877599,
          45.976041
        ]
      },
      "id": "node/3928701140"
    },
    {
      "type": "Feature",
      "properties": {
        "@id": "node/4009676815",
        "addr:city": "Genève",
        "addr:postcode": "1208",
        "addr:street": "Chemin Bizot",
        "amenity": "pharmacy",
        "healthcare": "pharmacy",
        "name": "Pharmacie Rieu-Tour"
      },
      "geometry": {
        "type": "Point",
        "coordinates": [
          6.1662662,
          46.1942773
        ]
      },
      "id": "node/4009676815"
    },
    {
      "type": "Feature",
      "properties": {
        "@id": "node/4105363378",
        "addr:city": "Zofingen",
        "addr:housenumber": "32",
        "addr:postcode": "4800",
        "addr:street": "Vordere Hauptgasse",
        "amenity": "pharmacy",
        "check_date": "2026-02-21",
        "healthcare": "pharmacy",
        "name": "Drogerie Unterstadt",
        "opening_hours": "Tu-Fr 08:00–18:30; Sa 08:00–16:00",
        "operator": "Swidro",
        "phone": "+41 62 751 12 33",
        "website": "https://drogerie-unterstadt.ch/",
        "wheelchair": "yes"
      },
      "geometry": {
        "type": "Point",
        "coordinates": [
          7.9442861,
          47.2895413
        ]
      },
      "id": "node/4105363378"
    },
    {
      "type": "Feature",
      "properties": {
        "@id": "node/4142717257",
        "addr:city": "Münsingen",
        "addr:housenumber": "7",
        "addr:postcode": "3110",
        "addr:street": "Dorfplatz",
        "amenity": "pharmacy",
        "dispensing": "yes",
        "drive_through": "no",
        "healthcare": "pharmacy",
        "name": "DROPA Aare Apotheke",
        "opening_hours": "Mo-Fr 08:00-20:00; Sa 07:30-17:00",
        "operator": "dropa",
        "phone": "+41317202828",
        "website": "https://dropa.ch/standorte/dropa-aare-apotheke",
        "wheelchair": "yes"
      },
      "geometry": {
        "type": "Point",
        "coordinates": [
          7.5637172,
          46.8745257
        ]
      },
      "id": "node/4142717257"
    },
    {
      "type": "Feature",
      "properties": {
        "@id": "node/4196907493",
        "amenity": "pharmacy",
        "brand": "Amavita",
        "brand:wikidata": "Q93733901",
        "brand:wikipedia": "de:Amavita",
        "healthcare": "pharmacy",
        "name": "Amavita"
      },
      "geometry": {
        "type": "Point",
        "coordinates": [
          7.1163578,
          46.9280383
        ]
      },
      "id": "node/4196907493"
    },
    {
      "type": "Feature",
      "properties": {
        "@id": "node/4226393499",
        "addr:city": "Basel",
        "addr:housenumber": "24",
        "addr:postcode": "4055",
        "addr:street": "Ahornstrasse",
        "amenity": "pharmacy",
        "name": "Ahornapotheke",
        "opening_hours": "Mo-Fr 08:00-12:15,14:00-18:30; Sa 08:00-13:00",
        "phone": "+41613014888",
        "toilets:wheelchair": "no",
        "website": "https://www.ahorn-apotheke.ch/",
        "wheelchair": "yes"
      },
      "geometry": {
        "type": "Point",
        "coordinates": [
          7.5725986,
          47.5576221
        ]
      },
      "id": "node/4226393499"
    },
    {
      "type": "Feature",
      "properties": {
        "@id": "node/4253093446",
        "addr:city": "Genève",
        "addr:city:en": "Geneva",
        "addr:country": "CH",
        "addr:housenumber": "59",
        "addr:street": "Rue de Lyon",
        "amenity": "pharmacy",
        "check_date": "2025-07-21",
        "name": "Pharmacie de l'Île verte",
        "opening_hours": "Mo-Fr 08:00-19:00; Sa 08:30-13:30"
      },
      "geometry": {
        "type": "Point",
        "coordinates": [
          6.1313716,
          46.2086008
        ]
      },
      "id": "node/4253093446"
    },
    {
      "type": "Feature",
      "properties": {
        "@id": "node/4271166835",
        "addr:city": "Schwarzenburg",
        "addr:country": "CH",
        "addr:housenumber": "22",
        "addr:postcode": "3150",
        "addr:street": "Dorfplatz",
        "amenity": "pharmacy",
        "dispensing": "yes",
        "healthcare": "pharmacy",
        "name": "Schwarzwasser Apotheke",
        "opening_hours": "Mo-Fr 08:00-12:00,13:30-18:30; Sa 08:00-16:00",
        "operator": "Barbara Wyssman"
      },
      "geometry": {
        "type": "Point",
        "coordinates": [
          7.3422636,
          46.8174061
        ]
      },
      "id": "node/4271166835"
    },
    {
      "type": "Feature",
      "properties": {
        "@id": "node/4300605297",
        "addr:city": "Gais",
        "addr:housenumber": "24",
        "addr:postcode": "9056",
        "addr:street": "Langgasse",
        "alt_name": "Naturheilpraxis Hermann",
        "amenity": "pharmacy",
        "check_date": "2025-09-28",
        "check_date:opening_hours:drive_through": "2025-09-28",
        "email": "info@drogerie-gais.ch",
        "fax": "+41 71 793 28 55",
        "healthcare": "pharmacy",
        "name": "Drogerie Hermann",
        "opening_hours": "Mo off; Tu-Fr 08:00-12:00,14:00-18:30; Sa 08:00-15:00",
        "phone": "+41 71 793 28 77",
        "website": "https://www.drogerie-gais.ch"
      },
      "geometry": {
        "type": "Point",
        "coordinates": [
          9.4506367,
          47.3613229
        ]
      },
      "id": "node/4300605297"
    },
    {
      "type": "Feature",
      "properties": {
        "@id": "node/4316390046",
        "addr:city": "Zofingen",
        "addr:country": "CH",
        "addr:housenumber": "84",
        "addr:postcode": "4800",
        "addr:street": "Vordere Hauptgasse",
        "amenity": "pharmacy",
        "brand": "Achillea Apotheke",
        "healthcare": "pharmacy",
        "name": "Löwen Apotheke",
        "operator": "Dr. Bähler Dropa",
        "website": "https://achillea.ch/standorte/loewen-apotheke"
      },
      "geometry": {
        "type": "Point",
        "coordinates": [
          7.9453697,
          47.2877922
        ]
      },
      "id": "node/4316390046"
    },
    {
      "type": "Feature",
      "properties": {
        "@id": "node/4336813686",
        "amenity": "pharmacy",
        "brand": "Sun Store SA",
        "brand:wikidata": "Q2365840",
        "email": "sun351cs@sunstore.ch",
        "fax": "+41 58 878 52 49",
        "healthcare": "pharmacy",
        "name": "Sun Store",
        "opening_hours": "Mo-Fr 08:00-19:00, Sa 07:30-17:00",
        "payment:twint": "yes",
        "phone": "+41 58 878 52 40",
        "website": "https://www.sunstore.ch/"
      },
      "geometry": {
        "type": "Point",
        "coordinates": [
          6.8929332,
          46.4411599
        ]
      },
      "id": "node/4336813686"
    },
    {
      "type": "Feature",
      "properties": {
        "@id": "node/4358768292",
        "addr:housenumber": "12",
        "addr:postcode": "1228",
        "addr:street": "Chemin des Aulx",
        "amenity": "pharmacy",
        "healthcare": "pharmacy",
        "name": "Sitex SA",
        "phone": "+41227948555",
        "website": "https://www.sitexsa.ch/"
      },
      "geometry": {
        "type": "Point",
        "coordinates": [
          6.1042853,
          46.1688898
        ]
      },
      "id": "node/4358768292"
    },
    {
      "type": "Feature",
      "properties": {
        "@id": "node/4365117590",
        "addr:city": "Genève",
        "addr:housenumber": "33",
        "addr:postcode": "1201",
        "addr:street": "Rue des Pâquis",
        "amenity": "pharmacy",
        "dispensing": "yes",
        "drive_through": "no",
        "healthcare": "pharmacy",
        "name": "Pharmacie Populaire Navigation",
        "opening_hours": "Mo-Fr 08:00-19:00; Sa 09:00-18:00",
        "operator": "Pharmacie Populaire",
        "phone": "+41 22 318 69 04",
        "website": "https://www.pharmaciepopulaire.ch/navigation",
        "wheelchair": "yes"
      },
      "geometry": {
        "type": "Point",
        "coordinates": [
          6.1492894,
          46.211731
        ]
      },
      "id": "node/4365117590"
    },
    {
      "type": "Feature",
      "properties": {
        "@id": "node/4372106391",
        "addr:city": "Bischofszell",
        "addr:housenumber": "1",
        "addr:postcode": "9220",
        "addr:street": "Grabenstrasse",
        "amenity": "pharmacy",
        "brand": "TopPharm",
        "brand:wikidata": "Q110277794",
        "healthcare": "pharmacy",
        "name": "TopPharm",
        "opening_hours": "Mo-Fr 08:00-12:30,13:30-18:30; Sa 08:00-16:00"
      },
      "geometry": {
        "type": "Point",
        "coordinates": [
          9.2411085,
          47.4939034
        ]
      },
      "id": "node/4372106391"
    },
    {
      "type": "Feature",
      "properties": {
        "@id": "node/4397623100",
        "addr:housenumber": "45A",
        "addr:postcode": "1227",
        "addr:street": "Route des Acacias",
        "amenity": "pharmacy",
        "name": "Analab SA",
        "phone": "+41223434301",
        "website": "https://www.analab.ch/"
      },
      "geometry": {
        "type": "Point",
        "coordinates": [
          6.1293099,
          46.1886804
        ]
      },
      "id": "node/4397623100"
    },
    {
      "type": "Feature",
      "properties": {
        "@id": "node/4424402110",
        "addr:city": "Erlenbach ZH",
        "addr:country": "CH",
        "addr:housenumber": "40",
        "addr:postcode": "8703",
        "addr:street": "Bahnhofstrasse",
        "amenity": "pharmacy",
        "branch": "Erlenbach",
        "brand": "Amavita",
        "brand:wikidata": "Q93733901",
        "check_date": "2023-10-08",
        "healthcare": "pharmacy",
        "name": "Amavita",
        "operator": "GaleniCare",
        "website": "https://www.amavita.ch/de/amavita-apotheke-erlibacher-mart",
        "wheelchair": "no"
      },
      "geometry": {
        "type": "Point",
        "coordinates": [
          8.5905229,
          47.3068942
        ]
      },
      "id": "node/4424402110"
    },
    {
      "type": "Feature",
      "properties": {
        "@id": "node/4425364405",
        "addr:city": "Bussigny",
        "addr:postcode": "1030",
        "addr:street": "Rue de la Gare",
        "amenity": "pharmacy",
        "healthcare": "pharmacy",
        "name": "Pharmacie Miserez"
      },
      "geometry": {
        "type": "Point",
        "coordinates": [
          6.5531454,
          46.5479403
        ]
      },
      "id": "node/4425364405"
    },
    {
      "type": "Feature",
      "properties": {
        "@id": "node/4439596536",
        "amenity": "pharmacy",
        "name": "TopPharm"
      },
      "geometry": {
        "type": "Point",
        "coordinates": [
          7.239578,
          46.9027699
        ]
      },
      "id": "node/4439596536"
    },
    {
      "type": "Feature",
      "properties": {
        "@id": "node/4471003189",
        "addr:city": "Gossau SG",
        "addr:housenumber": "90",
        "addr:postcode": "9200",
        "addr:street": "St. Gallerstrasse",
        "amenity": "pharmacy",
        "healthcare": "pharmacy",
        "name": "Apotheke in Gossau AG"
      },
      "geometry": {
        "type": "Point",
        "coordinates": [
          9.2536497,
          47.4166716
        ]
      },
      "id": "node/4471003189"
    },
    {
      "type": "Feature",
      "properties": {
        "@id": "node/4486137538",
        "addr:city": "Winterthur",
        "addr:housenumber": "152",
        "addr:postcode": "8400",
        "addr:street": "Schaffhauserstrasse",
        "alt_name": "DROPA Drogerie Apotheke Rosenberg",
        "amenity": "pharmacy",
        "branch": "Winterthur Rosenberg",
        "brand": "DROPA",
        "brand:wikidata": "Q1260273",
        "level": "0",
        "name": "Dropa Rosenberg",
        "operator": "Dr. Bähler Dropa",
        "shop": "chemist",
        "website": "https://dropa.ch/standorte/dropa-drogerie-apotheke-rosenberg"
      },
      "geometry": {
        "type": "Point",
        "coordinates": [
          8.7207459,
          47.5184636
        ]
      },
      "id": "node/4486137538"
    },
    {
      "type": "Feature",
      "properties": {
        "@id": "node/4540155695",
        "addr:city": "Basel",
        "addr:housenumber": "15",
        "addr:postcode": "4001",
        "addr:street": "Hutgasse",
        "alt_name": "Coop Vitality Marktplatz",
        "amenity": "pharmacy",
        "branch": "Basel Marktplatz",
        "brand": "Coop Vitality",
        "brand:wikidata": "Q111725297",
        "check_date": "2025-09-08",
        "drive_through": "no",
        "healthcare": "pharmacy",
        "level": "0",
        "name": "Coop Vitality",
        "opening_hours": "Mo-We 08:30-19:00; Th 08:30-19:00; Sa 08:30-18:00",
        "website": "https://www.coopvitality.ch/de/coop-vitality-basel-am-marktplatz"
      },
      "geometry": {
        "type": "Point",
        "coordinates": [
          7.5874578,
          47.5575295
        ]
      },
      "id": "node/4540155695"
    },
    {
      "type": "Feature",
      "properties": {
        "@id": "node/4560115839",
        "addr:city": "Kriens",
        "addr:housenumber": "16",
        "addr:postcode": "6010",
        "addr:street": "Obernauerstrasse",
        "alt_name": "Coop Vitality Kriens Schappe",
        "amenity": "pharmacy",
        "branch": "Kriens Schappe",
        "brand": "Coop Vitality",
        "brand:wikidata": "Q111725297",
        "healthcare": "pharmacy",
        "name": "Coop Vitality",
        "opening_hours": "Mo,Tu,Th 08:00-18:30; We,Fr 08:00-20:00; Sa 07:30-16:00",
        "operator": "Coop Vitality & GaleniCare",
        "phone": "+41413221920",
        "website": "https://www.coopvitality.ch/de/coop-vitality-kriens"
      },
      "geometry": {
        "type": "Point",
        "coordinates": [
          8.2736272,
          47.0342861
        ]
      },
      "id": "node/4560115839"
    },
    {
      "type": "Feature",
      "properties": {
        "@id": "node/4601368090",
        "amenity": "pharmacy",
        "healthcare": "pharmacy",
        "name": "pharamcieplus malè",
        "name:de": "pharamcieplus malè"
      },
      "geometry": {
        "type": "Point",
        "coordinates": [
          9.02292,
          46.1897623
        ]
      },
      "id": "node/4601368090"
    },
    {
      "type": "Feature",
      "properties": {
        "@id": "node/4688325889",
        "addr:postcode": "1950",
        "amenity": "pharmacy",
        "email": "berger.vs@ovan.ch",
        "healthcare": "pharmacy",
        "name": "Pharmacie Berger",
        "phone": "+41 27 322 42 35",
        "website": "https://www.pharmacie-berger.ch"
      },
      "geometry": {
        "type": "Point",
        "coordinates": [
          7.3589037,
          46.2306738
        ]
      },
      "id": "node/4688325889"
    },
    {
      "type": "Feature",
      "properties": {
        "@id": "node/4703169090",
        "addr:city": "Rheinfelden",
        "addr:country": "CH",
        "addr:housenumber": "4",
        "addr:postcode": "4310",
        "addr:street": "Baslerstrasse",
        "alt_name": "TopPharm Kapuziner Apotheke Baslerstrasse",
        "amenity": "pharmacy",
        "branch": "Rheinfelden Baslerstrasse",
        "brand": "TopPharm",
        "brand:wikidata": "Q110277794",
        "check_date": "2025-09-19",
        "healthcare": "pharmacy",
        "level": "0",
        "name": "TopPharm Kapuziner Salmenpark",
        "opening_hours": "Mo-Fr 08:00-20:00; Sa 08:00-18:00",
        "operator": "TopPharm Genossenschaft",
        "payment:cash": "yes",
        "payment:credit_cards": "yes",
        "payment:debit_cards": "yes",
        "website": "https://www.apotheke.ch/kapuziner-baslerstrasse",
        "wheelchair": "yes"
      },
      "geometry": {
        "type": "Point",
        "coordinates": [
          7.7861829,
          47.5523739
        ]
      },
      "id": "node/4703169090"
    },
    {
      "type": "Feature",
      "properties": {
        "@id": "node/4734683647",
        "amenity": "pharmacy",
        "drive_through": "no",
        "healthcare": "pharmacy",
        "name": "Drogerie Apotheke am Stadtplatz",
        "opening_hours": "Mo-Fr 09:00-18:30, Sa 09:00-16:00",
        "website": "https://www.am-stadtplatz.ch/",
        "wheelchair": "yes"
      },
      "geometry": {
        "type": "Point",
        "coordinates": [
          8.5827866,
          47.4498338
        ]
      },
      "id": "node/4734683647"
    },
    {
      "type": "Feature",
      "properties": {
        "@id": "node/4741762975",
        "amenity": "pharmacy",
        "check_date": "2025-07-02",
        "check_date:currency:XBT": "2025-07-02",
        "currency:XBT": "yes",
        "email": "salus@bluewin.ch",
        "healthcare": "pharmacy",
        "name": "Salus",
        "opening_hours": "Mo-Fr 09:00-12:15, 13:00-18:30; Sa 08:30-13:00",
        "payment:lightning": "yes",
        "payment:lightning_contactless": "no",
        "payment:onchain": "no",
        "phone": "+41 91 923 29 66",
        "website": "https://www.farmaciasalus.ch/"
      },
      "geometry": {
        "type": "Point",
        "coordinates": [
          8.9524072,
          46.0042282
        ]
      },
      "id": "node/4741762975"
    },
    {
      "type": "Feature",
      "properties": {
        "@id": "node/4751711985",
        "alt_name": "Farmacia Paradiso",
        "amenity": "pharmacy",
        "dispensing": "yes",
        "email": "farmaciaparadiso@bluewin.ch",
        "healthcare": "pharmacy",
        "name": "Paradiso",
        "opening_hours": "Mo-Fr 08:00-18:30; Sa 08:00-12:30,13:30-17:00; Su,PH closed",
        "phone": "+41 91 994 13 23",
        "website": "https://www.farmaciaparadiso.ch/"
      },
      "geometry": {
        "type": "Point",
        "coordinates": [
          8.9465367,
          45.9918097
        ]
      },
      "id": "node/4751711985"
    },
    {
      "type": "Feature",
      "properties": {
        "@id": "node/4795554403",
        "amenity": "pharmacy"
      },
      "geometry": {
        "type": "Point",
        "coordinates": [
          8.9331052,
          46.0130863
        ]
      },
      "id": "node/4795554403"
    },
    {
      "type": "Feature",
      "properties": {
        "@id": "node/4824581485",
        "addr:city": "Saxon",
        "addr:housenumber": "25",
        "addr:postcode": "1907",
        "addr:street": "Route du Léman",
        "amenity": "pharmacy",
        "dispensing": "yes",
        "email": "phsourcesaxon@bluewin.ch",
        "healthcare": "pharmacy",
        "name": "Pharmacie et Parfumerie des Sources",
        "opening_hours": "Mo-Fr 08:30-12:00-13:30-18:30 Sa 08:30-12:00",
        "operator": "Farmill SA",
        "phone": "+41 27 744 21 21"
      },
      "geometry": {
        "type": "Point",
        "coordinates": [
          7.1648519,
          46.1441787
        ]
      },
      "id": "node/4824581485"
    },
    {
      "type": "Feature",
      "properties": {
        "@id": "node/4832132811",
        "amenity": "pharmacy",
        "check_date:opening_hours": "2022-02-10",
        "healthcare": "pharmacy",
        "name": "Melina Perusset",
        "opening_hours": "Mo-Fr 08:30-12:00,13:30-18:30; Sa 08:30-12:30,13:30-17:00"
      },
      "geometry": {
        "type": "Point",
        "coordinates": [
          6.6401456,
          46.7791921
        ]
      },
      "id": "node/4832132811"
    },
    {
      "type": "Feature",
      "properties": {
        "@id": "node/4833061652",
        "addr:city": "Wallisellen",
        "addr:country": "CH",
        "addr:housenumber": "99",
        "addr:place": "Glattzentrum",
        "addr:postcode": "8301",
        "addr:street": "Neue Winterthurerstrasse",
        "amenity": "pharmacy",
        "branch": "Wallisellen Glattzentrum",
        "brand": "Amavita",
        "healthcare": "pharmacy",
        "level": "0",
        "name": "Amavita Glattzentrum",
        "opening_hours": "Mo-Sa 09:00-20:00",
        "operator": "GaleniCare",
        "website": "https://www.amavita.ch/de/amavita-apotheke-glattzentrum",
        "wheelchair": "yes"
      },
      "geometry": {
        "type": "Point",
        "coordinates": [
          8.5949993,
          47.4086088
        ]
      },
      "id": "node/4833061652"
    },
    {
      "type": "Feature",
      "properties": {
        "@id": "node/4838594382",
        "addr:city": "Zürich",
        "addr:country": "CH",
        "addr:housenumber": "16",
        "addr:postcode": "8001",
        "addr:street": "St. Peterstrasse",
        "amenity": "pharmacy",
        "brand": "Fortis",
        "check_date": "2024-04-15",
        "check_date:opening_hours": "2022-05-04",
        "healthcare": "pharmacy",
        "name": "St. Peter Apotheke",
        "opening_hours": "Mo-Su 08:00-20:00",
        "website": "https://www.stpeter-apotheke.com/",
        "wheelchair": "yes"
      },
      "geometry": {
        "type": "Point",
        "coordinates": [
          8.538021,
          47.371089
        ]
      },
      "id": "node/4838594382"
    },
    {
      "type": "Feature",
      "properties": {
        "@id": "node/4838594393",
        "addr:city": "Zürich",
        "addr:country": "CH",
        "addr:housenumber": "18",
        "addr:postcode": "8008",
        "addr:street": "Seefeldstrasse",
        "alt_name": "BENU Apotheke Kreuz",
        "amenity": "pharmacy",
        "branch": "Zürich Seefeld",
        "brand": "Benu",
        "brand:wikidata": "Q62562792",
        "check_date": "2024-02-06",
        "healthcare": "pharmacy",
        "name": "Benu",
        "opening_hours": "Mo-Fr 07:30-18:30; Sa 08:00-16:00",
        "operator": "BENU Pharmacies",
        "website": "https://www.benu.ch/de/pharmacies/kreuz/",
        "wheelchair": "yes"
      },
      "geometry": {
        "type": "Point",
        "coordinates": [
          8.5488655,
          47.3638878
        ]
      },
      "id": "node/4838594393"
    },
    {
      "type": "Feature",
      "properties": {
        "@id": "node/4838594398",
        "addr:city": "Zürich",
        "addr:country": "CH",
        "addr:housenumber": "181",
        "addr:postcode": "8047",
        "addr:street": "Triemlistrasse",
        "amenity": "pharmacy",
        "brand": "Rotpunkt Apotheke",
        "check_date": "2026-04-07",
        "dispensing": "yes",
        "name": "Triemli-Apotheke & Drogerie",
        "opening_hours": "Mo-Fr 08:00-19:00; Sa 09:00-17:00; Su 09:00-14:00",
        "operator": "Rotpunkt Pharma",
        "phone": "+41 44 463 15 33",
        "post_office": "post_partner",
        "post_office:brand": "Die Post",
        "post_office:website": "https://places.post.ch/de/001PST_001200201/post-filiale-8047-zürich-triemli",
        "website": "https://www.triemli-apotheke.ch/",
        "wheelchair": "yes"
      },
      "geometry": {
        "type": "Point",
        "coordinates": [
          8.4949064,
          47.3683094
        ]
      },
      "id": "node/4838594398"
    },
    {
      "type": "Feature",
      "properties": {
        "@id": "node/4848816877",
        "addr:city": "Zürich",
        "addr:country": "CH",
        "addr:housenumber": "19",
        "addr:postcode": "8001",
        "addr:street": "Pelikanstrasse",
        "amenity": "pharmacy",
        "check_date": "2025-08-09",
        "check_date:opening_hours": "2025-08-09",
        "name": "Pelikan Apotheke",
        "opening_hours": "Mo-Fr 08:00-18:30; Sa 09:00-17:00",
        "website": "https://www.pelikan-apotheke.ch/",
        "wheelchair": "limited"
      },
      "geometry": {
        "type": "Point",
        "coordinates": [
          8.5367336,
          47.3715818
        ]
      },
      "id": "node/4848816877"
    },
    {
      "type": "Feature",
      "properties": {
        "@id": "node/4896763911",
        "amenity": "pharmacy",
        "branch": "Dielsdorf Center",
        "brand": "Rotpunkt Apotheke",
        "healthcare": "pharmacy",
        "name": "Apotheke Dr. Kunz",
        "opening_hours": "Mo-Fr 09:00-20:00; Sa 08:00-20:00; Su off",
        "phone": "+41 44 853 42 74",
        "website": "https://www.apothekedrkunz.ch/",
        "wheelchair": "yes"
      },
      "geometry": {
        "type": "Point",
        "coordinates": [
          8.4661106,
          47.4841452
        ]
      },
      "id": "node/4896763911"
    },
    {
      "type": "Feature",
      "properties": {
        "@id": "node/4977489223",
        "addr:city": "Courroux",
        "addr:housenumber": "2",
        "addr:place": "Place des Mouleurs",
        "addr:postcode": "2822",
        "amenity": "pharmacy",
        "email": "pharmacie@valterbi.ch",
        "healthcare": "pharmacy",
        "name": "Pharmacie du Val-Terbi",
        "phone": "+41 32 421 70 60",
        "post_office": "post_partner",
        "post_office:brand": "Die Post",
        "post_office:website": "https://places.post.ch/de/001PST_001113816/post-filiale-2822-courroux",
        "website": "https://valterbi.ch/",
        "wheelchair": "yes"
      },
      "geometry": {
        "type": "Point",
        "coordinates": [
          7.3757338,
          47.3619572
        ]
      },
      "id": "node/4977489223"
    },
    {
      "type": "Feature",
      "properties": {
        "@id": "node/5052058326",
        "amenity": "pharmacy",
        "healthcare": "pharmacy",
        "name": "Pharmacie Perle du Lac",
        "opening_hours": "Mo-Fr 08:30-19:00"
      },
      "geometry": {
        "type": "Point",
        "coordinates": [
          6.148535,
          46.2228921
        ]
      },
      "id": "node/5052058326"
    },
    {
      "type": "Feature",
      "properties": {
        "@id": "node/5111530091",
        "amenity": "pharmacy",
        "brand": "Sun Store",
        "brand:wikidata": "Q2365840",
        "dispensing": "yes",
        "drive_through": "no",
        "email": "pharmacie.aigle@sunstore.ch",
        "fax": "+41 58 878 50 39",
        "healthcare": "pharmacy",
        "name": "Sun Store",
        "opening_hours": "Mo 09:00-18:30; Tu-Th 08:30-18:30; Fr 08:30-21:00; Sa 08:00-17:00; Su,PH closed",
        "operator": "GaleniCare AG",
        "payment:twint": "yes",
        "phone": "+41 58 878 50 30",
        "website": "https://www.sunstore.ch/fr/trouver-une-pharmacie/pharmacie-sun-store-aigle"
      },
      "geometry": {
        "type": "Point",
        "coordinates": [
          6.9376766,
          46.3171577
        ]
      },
      "id": "node/5111530091"
    },
    {
      "type": "Feature",
      "properties": {
        "@id": "node/5149146617",
        "amenity": "pharmacy",
        "healthcare": "pharmacy",
        "name": "Pharmacie BENU"
      },
      "geometry": {
        "type": "Point",
        "coordinates": [
          7.4677492,
          46.3066772
        ]
      },
      "id": "node/5149146617"
    },
    {
      "type": "Feature",
      "properties": {
        "@id": "node/5153714639",
        "amenity": "pharmacy",
        "healthcare": "pharmacy",
        "name": "Amavita",
        "opening_hours": "Mo-Th 08:00-18:30; Fr 08:00-20:00; Sa 08:00-17:00",
        "wheelchair": "yes"
      },
      "geometry": {
        "type": "Point",
        "coordinates": [
          7.880513,
          46.2924098
        ]
      },
      "id": "node/5153714639"
    },
    {
      "type": "Feature",
      "properties": {
        "@id": "node/5166999315",
        "amenity": "pharmacy",
        "dispensing": "yes",
        "healthcare": "pharmacy",
        "mapillary": "293641825678319",
        "name": "Pharmacie et orthopédie de Montreux",
        "opening_hours": "Mo-Fr 08:00-12:15,13:45-18:30; Sa 08:00-12:15,13:45-16:00; PH off",
        "survey:date": "2019-02-24"
      },
      "geometry": {
        "type": "Point",
        "coordinates": [
          6.9103098,
          46.4351644
        ]
      },
      "id": "node/5166999315"
    },
    {
      "type": "Feature",
      "properties": {
        "@id": "node/5190976165",
        "addr:city": "Niederrohrdorf",
        "addr:postcode": "5443",
        "alt_name": "Coop Vitality Niederrohrdorf",
        "amenity": "pharmacy",
        "branch": "Niederrohrdorf",
        "brand": "Coop Vitality",
        "dispensing": "yes",
        "level": "0",
        "name": "Coop Vitality",
        "opening_hours": "Mo-Fr 08:00-12:30,13:30-19:00;Sa 07:30-17:00;PH closed",
        "operator": "Coop Vitality & GaleniCare",
        "website": "https://www.coopvitality.ch/de/coop-vitality-niederrohrdorf",
        "wheelchair": "limited"
      },
      "geometry": {
        "type": "Point",
        "coordinates": [
          8.3051315,
          47.4237491
        ]
      },
      "id": "node/5190976165"
    },
    {
      "type": "Feature",
      "properties": {
        "@id": "node/5263478921",
        "amenity": "pharmacy",
        "healthcare": "pharmacy",
        "name": "Pharmacie de Coppet"
      },
      "geometry": {
        "type": "Point",
        "coordinates": [
          6.1924827,
          46.3157155
        ]
      },
      "id": "node/5263478921"
    },
    {
      "type": "Feature",
      "properties": {
        "@id": "node/5296894017",
        "addr:city": "Wil SG",
        "addr:housenumber": "16",
        "addr:postcode": "9500",
        "addr:street": "Untere Bahnhofstrasse",
        "amenity": "pharmacy",
        "branch": "Wil SG",
        "brand": "TopPharm",
        "check_date": "2025-09-02",
        "healthcare": "pharmacy",
        "name": "TopPharm St. Peter Apotheke",
        "operator": "TopPharm Genossenschaft",
        "website": "https://www.apotheke.ch/stpeter"
      },
      "geometry": {
        "type": "Point",
        "coordinates": [
          9.0445245,
          47.4624529
        ]
      },
      "id": "node/5296894017"
    },
    {
      "type": "Feature",
      "properties": {
        "@id": "node/5332973018",
        "addr:city": "Lausanne",
        "addr:housenumber": "4",
        "addr:postcode": "1010",
        "addr:street": "Route d'Oron",
        "amenity": "pharmacy",
        "healthcare": "pharmacy",
        "name": "Pharmacie Populaire de La Sallaz",
        "phone": "+41 21 652 48 70"
      },
      "geometry": {
        "type": "Point",
        "coordinates": [
          6.6481547,
          46.5336252
        ]
      },
      "id": "node/5332973018"
    },
    {
      "type": "Feature",
      "properties": {
        "@id": "node/5425441457",
        "addr:city": "Unterentfelden",
        "addr:housenumber": "8",
        "addr:postcode": "5035",
        "addr:street": "Binzmattweg",
        "alt_name": "DROPA Drogerie Apotheke Unterentfelden",
        "amenity": "pharmacy",
        "branch": "Unterentfelden",
        "brand": "DROPA",
        "brand:wikidata": "Q1260273",
        "check_date:opening_hours": "2026-03-21",
        "email": "dropa.unterentfelden@dropa.ch",
        "name": "Dropa Unterentfelden",
        "opening_hours": "Mo-Sa 08:00-20:00",
        "operator": "Dr. Bähler Dropa",
        "phone": "+41 62 724 91 91",
        "shop": "chemist",
        "website": "https://dropa.ch/standorte/dropa-drogerie-apotheke-unterentfelden"
      },
      "geometry": {
        "type": "Point",
        "coordinates": [
          8.0454809,
          47.3618585
        ]
      },
      "id": "node/5425441457"
    },
    {
      "type": "Feature",
      "properties": {
        "@id": "node/5462385098",
        "amenity": "pharmacy",
        "dispensing": "yes",
        "healthcare": "pharmacy",
        "name": "Pharmacie du Palace"
      },
      "geometry": {
        "type": "Point",
        "coordinates": [
          6.907419,
          46.4379412
        ]
      },
      "id": "node/5462385098"
    },
    {
      "type": "Feature",
      "properties": {
        "@id": "node/5493987625",
        "addr:city": "Genève",
        "addr:housenumber": "1",
        "addr:postcode": "1205",
        "addr:street": "Place des Augustins",
        "amenity": "pharmacy",
        "dispensing": "yes",
        "drive_through": "no",
        "healthcare": "pharmacy",
        "name": "Pharmacie Vipha",
        "opening_hours": "Mo-Fr 08:30-19:00; Sa 09:00-18:00"
      },
      "geometry": {
        "type": "Point",
        "coordinates": [
          6.1440851,
          46.1918341
        ]
      },
      "id": "node/5493987625"
    },
    {
      "type": "Feature",
      "properties": {
        "@id": "node/5533502002",
        "amenity": "pharmacy",
        "dispensing": "yes",
        "healthcare": "pharmacy",
        "name": "Galerie Apotheke"
      },
      "geometry": {
        "type": "Point",
        "coordinates": [
          9.8371555,
          46.4966733
        ]
      },
      "id": "node/5533502002"
    },
    {
      "type": "Feature",
      "properties": {
        "@id": "node/5552750621",
        "addr:city": "Genève",
        "addr:housenumber": "6",
        "addr:place": "Rond-point de Plainpalais",
        "addr:postcode": "1205",
        "amenity": "pharmacy",
        "healthcare": "pharmacy",
        "name": "Pharmacie du Rond-Point"
      },
      "geometry": {
        "type": "Point",
        "coordinates": [
          6.1427968,
          46.1974042
        ]
      },
      "id": "node/5552750621"
    },
    {
      "type": "Feature",
      "properties": {
        "@id": "node/5573552821",
        "amenity": "pharmacy",
        "dispensing": "yes",
        "healthcare": "pharmacy",
        "name": "Farmacia Asioli"
      },
      "geometry": {
        "type": "Point",
        "coordinates": [
          8.9437467,
          46.005815
        ]
      },
      "id": "node/5573552821"
    },
    {
      "type": "Feature",
      "properties": {
        "@id": "node/5685183251",
        "addr:city": "Trübbach",
        "addr:country": "CH",
        "addr:housenumber": "5",
        "addr:postcode": "9477",
        "addr:street": "Dornaustrasse",
        "amenity": "pharmacy",
        "check_date": "2025-10-19",
        "dispensing": "yes",
        "healthcare": "pharmacy",
        "name": "Drogerie Dornau AG",
        "shop": "chemist",
        "website": "http://www.drogerie-dornau.ch/unsere-drogerie/",
        "wheelchair": "yes"
      },
      "geometry": {
        "type": "Point",
        "coordinates": [
          9.4833944,
          47.0768538
        ]
      },
      "id": "node/5685183251"
    },
    {
      "type": "Feature",
      "properties": {
        "@id": "node/5735111883",
        "addr:city": "Charmey (Gruyère)",
        "addr:housenumber": "8",
        "addr:postcode": "1637",
        "addr:street": "Gros-Plan",
        "amenity": "pharmacy",
        "dispensing": "yes",
        "healthcare": "pharmacy",
        "name": "Pharmacie St-Raphaël"
      },
      "geometry": {
        "type": "Point",
        "coordinates": [
          7.1635417,
          46.6201839
        ]
      },
      "id": "node/5735111883"
    },
    {
      "type": "Feature",
      "properties": {
        "@id": "node/5771206895",
        "addr:housenumber": "1a",
        "addr:street": "Europaplatz",
        "amenity": "pharmacy",
        "branch": "Europaplatz",
        "brand": "Coop Vitality",
        "brand:wikidata": "Q111725297",
        "dispensing": "yes",
        "email": "apotheke.europaplatz@coop-vitality.ch",
        "healthcare": "pharmacy",
        "level": "0",
        "name": "Coop Vitality",
        "opening_hours": "Mo-Fr: 07:00-20:00, Sa 08:00-17:00",
        "phone": "+41 58 878 85 80"
      },
      "geometry": {
        "type": "Point",
        "coordinates": [
          7.4062092,
          46.9434892
        ]
      },
      "id": "node/5771206895"
    },
    {
      "type": "Feature",
      "properties": {
        "@id": "node/5825006347",
        "amenity": "pharmacy",
        "brand": "Sun Store SA",
        "brand:wikidata": "Q2365840",
        "healthcare": "pharmacy",
        "name": "Sun Store"
      },
      "geometry": {
        "type": "Point",
        "coordinates": [
          6.6187901,
          46.5314827
        ]
      },
      "id": "node/5825006347"
    },
    {
      "type": "Feature",
      "properties": {
        "@id": "node/5869402314",
        "amenity": "pharmacy",
        "dispensing": "yes",
        "healthcare": "pharmacy",
        "name": "Pill Apoteca & Drogaria"
      },
      "geometry": {
        "type": "Point",
        "coordinates": [
          9.2076937,
          46.7748764
        ]
      },
      "id": "node/5869402314"
    },
    {
      "type": "Feature",
      "properties": {
        "@id": "node/5912598818",
        "addr:city": "Pratteln",
        "addr:housenumber": "21",
        "addr:postcode": "4133",
        "addr:street": "Burggartenstrasse",
        "amenity": "pharmacy",
        "branch": "Pratteln",
        "brand": "Amavita",
        "brand:wikidata": "Q93733901",
        "brand:wikipedia": "de:Amavita",
        "dispensing": "yes",
        "healthcare": "pharmacy",
        "name": "Amavita Pratteln",
        "old_name": "TopPharm Apotheke Pratteln",
        "operator": "GaleniCare",
        "website": "https://www.amavita.ch/de/amavita-apotheke-pratteln"
      },
      "geometry": {
        "type": "Point",
        "coordinates": [
          7.6937526,
          47.5205035
        ]
      },
      "id": "node/5912598818"
    },
    {
      "type": "Feature",
      "properties": {
        "@id": "node/5959168888",
        "amenity": "pharmacy",
        "dispensing": "yes",
        "healthcare": "pharmacy"
      },
      "geometry": {
        "type": "Point",
        "coordinates": [
          8.0467202,
          46.3566
        ]
      },
      "id": "node/5959168888"
    },
    {
      "type": "Feature",
      "properties": {
        "@id": "node/6041763526",
        "addr:housenumber": "4",
        "addr:postcode": "9532",
        "addr:street": "Breitestrasse",
        "alt_name": "Coop Vitality Rickenbach TG",
        "amenity": "pharmacy",
        "branch": "Rickenbach TG",
        "brand": "Coop Vitality",
        "brand:wikidata": "Q111725297",
        "check_date:opening_hours": "2022-08-20",
        "healthcare": "pharmacy",
        "name": "Coop Vitality",
        "opening_hours": "Mo-Sa 08:00-20:00",
        "operator": "Coop Vitality & GaleniCare",
        "website": "https://www.coopvitality.ch/de/coop-vitality-rickenbach",
        "wheelchair": "yes"
      },
      "geometry": {
        "type": "Point",
        "coordinates": [
          9.0532869,
          47.4466759
        ]
      },
      "id": "node/6041763526"
    },
    {
      "type": "Feature",
      "properties": {
        "@id": "node/6167784984",
        "amenity": "pharmacy",
        "brand": "Rotpunkt Apotheke",
        "contact:phone": "+41 812522680",
        "contact:website": "http://www.steinbock-apotheke.ch/",
        "dispensing": "yes",
        "healthcare": "pharmacy",
        "name": "Steinbock Apotheke",
        "opening_hours": "Mo-Fr 08:00-12:15,13:15-18:30; Sa 08:00-16:00"
      },
      "geometry": {
        "type": "Point",
        "coordinates": [
          9.5329337,
          46.8522199
        ]
      },
      "id": "node/6167784984"
    },
    {
      "type": "Feature",
      "properties": {
        "@id": "node/6184860865",
        "amenity": "pharmacy",
        "branch": "Davos",
        "brand": "Dropa",
        "brand:wikidata": "Q1260273",
        "dispensing": "yes",
        "healthcare": "pharmacy",
        "level": "0",
        "name": "DROPA Drogerie Apotheke",
        "website": "https://dropa.ch/standorte/dropa-drogerie-apotheke-davos"
      },
      "geometry": {
        "type": "Point",
        "coordinates": [
          9.8209948,
          46.7935208
        ]
      },
      "id": "node/6184860865"
    },
    {
      "type": "Feature",
      "properties": {
        "@id": "node/6216324268",
        "amenity": "pharmacy",
        "name": "Coop Vitality",
        "opening_hours": "Mo-Th 08:00-18:30; Fr 08:00-21:00; Sa 07:30-21:00",
        "wheelchair": "yes"
      },
      "geometry": {
        "type": "Point",
        "coordinates": [
          7.563469,
          47.1820705
        ]
      },
      "id": "node/6216324268"
    },
    {
      "type": "Feature",
      "properties": {
        "@id": "node/6254298944",
        "addr:city": "Ostermundigen",
        "addr:housenumber": "114",
        "addr:postcode": "3072",
        "addr:street": "Bernstrasse",
        "amenity": "pharmacy",
        "brand": "Amavita",
        "brand:wikidata": "Q93733901",
        "check_date:opening_hours": "2024-01-17",
        "dispensing": "yes",
        "drive_through": "no",
        "email": "apotheke.ostermundigen@amavita.ch",
        "healthcare": "pharmacy",
        "level": "0",
        "name": "Amavita",
        "opening_hours": "Mo-Th 08:00-19:00; Fr 08:00-21:00; Sa 07:30-17:00; Su,PH closed",
        "operator": "Amavita",
        "phone": "+41588783310",
        "website": "https://www.amavita.ch/de/apotheke-finden/amavita-apotheke-ostermundigen?srsltid=AfmBOoofGyYwb-tSgyZA-mNt3iKIyBVpLc3WOOuLYQwjiEg-sNQPvvP5"
      },
      "geometry": {
        "type": "Point",
        "coordinates": [
          7.4956395,
          46.9566095
        ]
      },
      "id": "node/6254298944"
    },
    {
      "type": "Feature",
      "properties": {
        "@id": "node/6405836986",
        "addr:city": "Genève",
        "addr:postcode": "1204",
        "addr:street": "Rue de la Monnaie",
        "amenity": "pharmacy",
        "branch": "Confédération",
        "brand": "Pharmacie Principale",
        "brand:wikidata": "Q1547749",
        "healthcare": "pharmacy",
        "name": "Pharmacie Principale"
      },
      "geometry": {
        "type": "Point",
        "coordinates": [
          6.1437201,
          46.2040321
        ]
      },
      "id": "node/6405836986"
    },
    {
      "type": "Feature",
      "properties": {
        "@id": "node/6431162086",
        "amenity": "pharmacy",
        "healthcare": "pharmacy",
        "name": "L’altra Farmacia"
      },
      "geometry": {
        "type": "Point",
        "coordinates": [
          9.1288702,
          46.237655
        ]
      },
      "id": "node/6431162086"
    },
    {
      "type": "Feature",
      "properties": {
        "@id": "node/6498438965",
        "amenity": "pharmacy",
        "brand": "Amavita",
        "brand:wikidata": "Q93733901",
        "healthcare": "pharmacy",
        "level": "0",
        "name": "Amavita"
      },
      "geometry": {
        "type": "Point",
        "coordinates": [
          7.4930028,
          47.0171572
        ]
      },
      "id": "node/6498438965"
    },
    {
      "type": "Feature",
      "properties": {
        "@id": "node/6572484506",
        "addr:city": "Safenwil",
        "addr:housenumber": "1b",
        "addr:postcode": "5745",
        "addr:street": "Güterstrasse",
        "amenity": "pharmacy",
        "branch": "Safenwil",
        "brand": "TopPharm",
        "brand:wikidata": "Q110277794",
        "dispensing": "yes",
        "healthcare": "pharmacy",
        "name": "TopPharm",
        "operator": "TopPharm Genossenschaft",
        "website": "https://www.apotheke.ch/storchen"
      },
      "geometry": {
        "type": "Point",
        "coordinates": [
          7.98545,
          47.3211816
        ]
      },
      "id": "node/6572484506"
    },
    {
      "type": "Feature",
      "properties": {
        "@id": "node/6598213470",
        "amenity": "pharmacy",
        "brand": "Sun Store SA",
        "brand:wikidata": "Q2365840",
        "healthcare": "pharmacy",
        "name": "Sun Store"
      },
      "geometry": {
        "type": "Point",
        "coordinates": [
          6.2058444,
          46.3975594
        ]
      },
      "id": "node/6598213470"
    },
    {
      "type": "Feature",
      "properties": {
        "@id": "node/6598213474",
        "amenity": "pharmacy",
        "healthcare": "pharmacy",
        "name": "Pharmacie de Mies",
        "wheelchair": "limited"
      },
      "geometry": {
        "type": "Point",
        "coordinates": [
          6.1721698,
          46.3067414
        ]
      },
      "id": "node/6598213474"
    },
    {
      "type": "Feature",
      "properties": {
        "@id": "node/6598213478",
        "amenity": "pharmacy",
        "check_date": "2023-10-11",
        "name": "Amavita"
      },
      "geometry": {
        "type": "Point",
        "coordinates": [
          6.261069,
          46.4230774
        ]
      },
      "id": "node/6598213478"
    },
    {
      "type": "Feature",
      "properties": {
        "@id": "node/6635074088",
        "addr:city": "Paradiso",
        "addr:housenumber": "2",
        "addr:postcode": "6900",
        "addr:street": "Via Geretta",
        "alt_name": "Farmacia San Salvatore",
        "amenity": "pharmacy",
        "dispensing": "yes",
        "email": "info@farmaciasansalvatore.ch",
        "fax": "+41 91 994 99 25",
        "healthcare": "pharmacy",
        "name": "San Salvatore",
        "opening_hours": "Mo-Fr 08:00-18:30; Sa 08:00-17:00; Su,PH closed",
        "phone": "+41 91 994 11 58",
        "website": "https://www.farmacia-sansalvatore.ch/"
      },
      "geometry": {
        "type": "Point",
        "coordinates": [
          8.9470321,
          45.9914367
        ]
      },
      "id": "node/6635074088"
    },
    {
      "type": "Feature",
      "properties": {
        "@id": "node/6689645957",
        "amenity": "pharmacy",
        "name": "Farmacia Aldo Cassina"
      },
      "geometry": {
        "type": "Point",
        "coordinates": [
          8.8605917,
          46.1807868
        ]
      },
      "id": "node/6689645957"
    },
    {
      "type": "Feature",
      "properties": {
        "@id": "node/6698795588",
        "amenity": "pharmacy",
        "brand": "Sun Store SA",
        "brand:wikidata": "Q2365840",
        "name": "Sun Store"
      },
      "geometry": {
        "type": "Point",
        "coordinates": [
          6.5688273,
          46.5541777
        ]
      },
      "id": "node/6698795588"
    },
    {
      "type": "Feature",
      "properties": {
        "@id": "node/6712471055",
        "addr:city": "Büren an der Aare",
        "addr:country": "CH",
        "addr:housenumber": "6",
        "addr:postcode": "3294",
        "addr:street": "Hauptgasse",
        "amenity": "pharmacy",
        "name": "Apotheke am Marktplatz"
      },
      "geometry": {
        "type": "Point",
        "coordinates": [
          7.3718677,
          47.1396953
        ]
      },
      "id": "node/6712471055"
    },
    {
      "type": "Feature",
      "properties": {
        "@id": "node/6750927180",
        "addr:city": "Kriens",
        "addr:housenumber": "4",
        "addr:postcode": "6010",
        "addr:street": "Am Mattenhof",
        "amenity": "pharmacy",
        "branch": "Kriens Mattenhof",
        "brand": "Medbase",
        "brand:wikidata": "Q50038690",
        "check_date": "2025-10-26",
        "check_date:opening_hours": "2025-10-26",
        "healthcare": "pharmacy",
        "name": "Medbase Apotheke Mattenhof",
        "opening_hours": "Mo-Fr 08:00-18:30; Sa 08:00-16:00",
        "operator": "Medbase Apotheken",
        "website": "https://www.topwell.ch/medbaseapothekekriensmattenhof/",
        "wheelchair": "yes"
      },
      "geometry": {
        "type": "Point",
        "coordinates": [
          8.3015322,
          47.0271152
        ]
      },
      "id": "node/6750927180"
    },
    {
      "type": "Feature",
      "properties": {
        "@id": "node/6780720083",
        "addr:city": "Basel",
        "addr:housenumber": "5",
        "addr:postcode": "4055",
        "addr:street": "Im Westfeld",
        "amenity": "pharmacy",
        "dispensing": "yes",
        "drive_through": "no",
        "email": "westfeldapotheke@ifak-hin.ch",
        "healthcare": "pharmacy",
        "name": "Westfeld-Apotheke",
        "opening_hours": "Mo-Fr 07:30-18:30; Sa 08:00-16:00; PH off",
        "operator": "Westfeld-Apotheke AG",
        "payment:cards": "yes",
        "payment:cash": "yes",
        "payment:qr_code": "no",
        "phone": "+41 61 321 29 29",
        "website": "https://www.westfeldapotheke.ch/"
      },
      "geometry": {
        "type": "Point",
        "coordinates": [
          7.5674821,
          47.5648714
        ]
      },
      "id": "node/6780720083"
    },
    {
      "type": "Feature",
      "properties": {
        "@id": "node/6804197768",
        "amenity": "pharmacy",
        "name": "Farmacie Pedroni"
      },
      "geometry": {
        "type": "Point",
        "coordinates": [
          8.8910843,
          46.1748507
        ]
      },
      "id": "node/6804197768"
    },
    {
      "type": "Feature",
      "properties": {
        "@id": "node/6866520599",
        "amenity": "pharmacy",
        "healthcare": "pharmacy",
        "name": "Saint-Léger",
        "opening_hours": "Mo-Fr 07:45-18:45"
      },
      "geometry": {
        "type": "Point",
        "coordinates": [
          6.145057,
          46.1971435
        ]
      },
      "id": "node/6866520599"
    },
    {
      "type": "Feature",
      "properties": {
        "@id": "node/6900042329",
        "amenity": "pharmacy",
        "dispensing": "yes",
        "healthcare": "pharmacy",
        "name": "Farmacia Portone",
        "opening_hours": "Mo-Fr 08:00-19:00"
      },
      "geometry": {
        "type": "Point",
        "coordinates": [
          9.0230721,
          46.1939106
        ]
      },
      "id": "node/6900042329"
    },
    {
      "type": "Feature",
      "properties": {
        "@id": "node/6927604741",
        "addr:city": "Biel/Bienne",
        "addr:city:de": "Biel",
        "addr:city:fr": "Bienne",
        "addr:housenumber": "45",
        "addr:street": "Rue Centrale / Zentralstrasse",
        "addr:street:de": "Zentralstrasse",
        "addr:street:fr": "Rue Centrale",
        "amenity": "pharmacy",
        "dispensing": "yes",
        "drive_through": "no",
        "email": "zentral@geno.ch",
        "fax": "+41 32 329 39 78",
        "healthcare": "pharmacy",
        "name": "Geno",
        "opening_hours": "Mo-Fr 08:00-18:00; Sa 08:00-16:00",
        "operator": "Dr. Pierre Koch",
        "phone": "+41 32 329 39 79",
        "website": "https://www.geno.ch",
        "wheelchair": "yes"
      },
      "geometry": {
        "type": "Point",
        "coordinates": [
          7.2463572,
          47.1373607
        ]
      },
      "id": "node/6927604741"
    },
    {
      "type": "Feature",
      "properties": {
        "@id": "node/7001306767",
        "addr:city": "Hinwil",
        "addr:country": "CH",
        "addr:housenumber": "27",
        "addr:postcode": "8340",
        "addr:street": "Zürichstrasse",
        "amenity": "pharmacy",
        "branch": "Hinwil",
        "brand": "TopPharm",
        "brand:wikidata": "Q110277794",
        "dispensing": "yes",
        "healthcare": "pharmacy",
        "level": "0",
        "name": "TopPharm",
        "opening_hours": "Mo-Fr 08:00-12:30,13:30-18:30, Sa 08:00-16:00; PH off",
        "operator": "TopPharm Genossenschaft",
        "phone": "+41 44 937 38 72",
        "source": "local knowledge",
        "website": "https://www.apotheke.ch/hinwil",
        "wheelchair": "limited"
      },
      "geometry": {
        "type": "Point",
        "coordinates": [
          8.8408128,
          47.3032289
        ]
      },
      "id": "node/7001306767"
    },
    {
      "type": "Feature",
      "properties": {
        "@id": "node/7107268780",
        "addr:city": "Wallisellen",
        "addr:housenumber": "32",
        "addr:postcode": "8304",
        "addr:street": "Bahnhofstrasse",
        "alt_name": "Topwell Apotheke Bahnhof Wallisellen",
        "amenity": "pharmacy",
        "branch": "Wallisellen",
        "brand": "Medbase",
        "brand:wikidata": "Q50038690",
        "check_date:opening_hours": "2025-08-29",
        "dispensing": "yes",
        "healthcare": "pharmacy",
        "name": "Medbase Apotheke Wallisellen",
        "opening_hours": "Mo-Fr 07:30-18:30; Sa 08:30-17:00; Su,PH off",
        "operator": "Medbase Apotheken",
        "website": "https://www.topwell.ch/medbaseapothekewallisellen/",
        "wheelchair": "yes"
      },
      "geometry": {
        "type": "Point",
        "coordinates": [
          8.5920521,
          47.4134652
        ]
      },
      "id": "node/7107268780"
    },
    {
      "type": "Feature",
      "properties": {
        "@id": "node/7233507128",
        "addr:city": "Porrentruy",
        "addr:postcode": "2900",
        "addr:street": "Faubourg Saint-Germain",
        "amenity": "pharmacy",
        "brand": "Sun Store",
        "brand:wikidata": "Q2365840",
        "dispensing": "yes",
        "healthcare": "pharmacy",
        "name": "Sun Store",
        "opening_hours": "Mo-Fr 08:00-19:00; Sa 08:00-17:00; Su,PH 11:00-12:00,18:00-19:00"
      },
      "geometry": {
        "type": "Point",
        "coordinates": [
          7.0780002,
          47.4164726
        ]
      },
      "id": "node/7233507128"
    },
    {
      "type": "Feature",
      "properties": {
        "@id": "node/7313148738",
        "addr:city": "Fahrwangen",
        "addr:housenumber": "10",
        "addr:postcode": "5615",
        "addr:street": "Bahnhofstrasse",
        "amenity": "pharmacy",
        "branch": "Fahrwangen",
        "brand": "TopPharm",
        "dispensing": "yes",
        "name": "TopPharm Fortuna Apotheke",
        "opening_hours": "Mo-Fr 08:00-12:00, 13:30-18:30; Sa 08:00-16:00",
        "operator": "TopPharm Genossenschaft",
        "website": "https://www.apotheke.ch/fortuna-fahrwangen"
      },
      "geometry": {
        "type": "Point",
        "coordinates": [
          8.241087,
          47.2951437
        ]
      },
      "id": "node/7313148738"
    },
    {
      "type": "Feature",
      "properties": {
        "@id": "node/7372954582",
        "addr:city": "Erlinsbach",
        "addr:housenumber": "2a",
        "addr:postcode": "5018",
        "addr:street": "Küttigerstrasse",
        "amenity": "pharmacy",
        "branch": "Erlinsbach",
        "brand": "TopPharm",
        "brand:wikidata": "Q110277794",
        "dispensing": "yes",
        "healthcare": "pharmacy",
        "name": "TopPharm",
        "operator": "TopPharm Genossenschaft",
        "post_office": "post_partner",
        "post_office:brand": "Die Post",
        "post_office:brand:wikidata": "Q614803",
        "post_office:website": "https://places.post.ch/de/001PST_001107061/post-filiale-5018-erlinsbach",
        "website": "https://www.apotheke.ch/erlinsbach"
      },
      "geometry": {
        "type": "Point",
        "coordinates": [
          8.0080829,
          47.4057457
        ]
      },
      "id": "node/7372954582"
    },
    {
      "type": "Feature",
      "properties": {
        "@id": "node/7418113611",
        "addr:city": "Würenlingen",
        "addr:housenumber": "7",
        "addr:postcode": "5303",
        "addr:street": "Kuhgässlistrasse",
        "alt_name": "Coop Vitality Aarepark",
        "amenity": "pharmacy",
        "branch": "Würenlingen Aarepark",
        "brand": "Coop Vitality",
        "name": "Coop Vitality",
        "opening_hours": "Mo-Fr 08:30-18:30; Sa 08:30-17:00",
        "operator": "Coop Vitality & GaleniCare",
        "website": "https://www.coopvitality.ch/de/coop-vitality-wurenlingen"
      },
      "geometry": {
        "type": "Point",
        "coordinates": [
          8.2442263,
          47.5252542
        ]
      },
      "id": "node/7418113611"
    },
    {
      "type": "Feature",
      "properties": {
        "@id": "node/7443294875",
        "amenity": "pharmacy",
        "brand": "Benu",
        "brand:wikidata": "Q62562792",
        "dispensing": "yes",
        "drive_through": "no",
        "healthcare": "pharmacy",
        "name": "Benu"
      },
      "geometry": {
        "type": "Point",
        "coordinates": [
          7.1417728,
          46.7967123
        ]
      },
      "id": "node/7443294875"
    },
    {
      "type": "Feature",
      "properties": {
        "@id": "node/7465665985",
        "addr:city": "Binningen",
        "addr:country": "CH",
        "addr:housenumber": "17",
        "addr:postcode": "4102",
        "addr:street": "Gorenmattstrasse",
        "alt_name": "Sun Store Binningen",
        "amenity": "pharmacy",
        "branch": "Binningen",
        "brand": "Sun Store",
        "brand:wikidata": "Q2365840",
        "healthcare": "pharmacy",
        "name": "Sun Store",
        "operator": "GaleniCare",
        "website": "https://www.sunstore.ch/"
      },
      "geometry": {
        "type": "Point",
        "coordinates": [
          7.5726012,
          47.5325493
        ]
      },
      "id": "node/7465665985"
    },
    {
      "type": "Feature",
      "properties": {
        "@id": "node/7473206219",
        "addr:city": "Volketswil",
        "addr:housenumber": "1",
        "addr:postcode": "8604",
        "addr:street": "Industriestrasse",
        "alt_name": "Coop Vitality Volkiland",
        "amenity": "pharmacy",
        "branch": "Volketswil Volkiland",
        "brand": "Coop Vitality",
        "brand:wikidata": "Q111725297",
        "healthcare": "pharmacy",
        "level": "0",
        "name": "Coop Vitality",
        "opening_hours": "Mo-Sa 09:00-20:00; PH off",
        "operator": "Coop Vitality & GaleniCare",
        "website": "https://www.coopvitality.ch/de/coop-vitality-volketswil-volkiland"
      },
      "geometry": {
        "type": "Point",
        "coordinates": [
          8.6678529,
          47.3824856
        ]
      },
      "id": "node/7473206219"
    },
    {
      "type": "Feature",
      "properties": {
        "@id": "node/7480280869",
        "addr:city": "Kaiseraugst",
        "addr:country": "CH",
        "addr:housenumber": "3",
        "addr:postcode": "4303",
        "addr:street": "Junkholzweg",
        "alt_name": "Coop Vitality Kaiseraugst",
        "amenity": "pharmacy",
        "branch": "Kaiseraugst",
        "brand": "Coop Vitality",
        "drive_through": "no",
        "healthcare": "pharmacy",
        "name": "Coop Vitality",
        "opening_hours": "Mo-Fr 08:30-20:00, Sa 08:00-20:00",
        "operator": "Coop Vitality & GaleniCare",
        "website": "https://www.coopvitality.ch/de/coop-vitality-kaiseraugst"
      },
      "geometry": {
        "type": "Point",
        "coordinates": [
          7.73186,
          47.5379609
        ]
      },
      "id": "node/7480280869"
    },
    {
      "type": "Feature",
      "properties": {
        "@id": "node/7480385171",
        "addr:city": "Langenthal",
        "addr:housenumber": "3",
        "addr:postcode": "4900",
        "addr:street": "St. Urbanstrasse",
        "alt_name": "Coop Vitality Tell",
        "amenity": "pharmacy",
        "branch": "Langenthal Tell",
        "brand": "Coop Vitality",
        "healthcare": "pharmacy",
        "name": "Coop Vitality",
        "opening_hours": "Mo-Fr 08:00-20:00; Sa 08:00-17:00; Su off; PH off",
        "operator": "Coop Vitality & GaleniCare",
        "website": "https://www.coopvitality.ch/de/coop-vitality-langenthal-tell",
        "wheelchair": "yes"
      },
      "geometry": {
        "type": "Point",
        "coordinates": [
          7.7903505,
          47.212166
        ]
      },
      "id": "node/7480385171"
    },
    {
      "type": "Feature",
      "properties": {
        "@id": "node/7481793400",
        "addr:city": "Schaffhausen",
        "addr:country": "CH",
        "addr:housenumber": "30-32",
        "addr:postcode": "8200",
        "addr:street": "Vorstadt",
        "amenity": "pharmacy",
        "branch": "Schaffhausen Vorstadt",
        "brand": "Amavita",
        "name": "Amavita Vorstadt",
        "operator": "GaleniCare",
        "website": "https://www.amavita.ch/de/amavita-apotheke-vorstadt"
      },
      "geometry": {
        "type": "Point",
        "coordinates": [
          8.6344801,
          47.6983863
        ]
      },
      "id": "node/7481793400"
    },
    {
      "type": "Feature",
      "properties": {
        "@id": "node/7483026290",
        "addr:city": "Rothrist",
        "addr:country": "CH",
        "addr:housenumber": "20",
        "addr:postcode": "4852",
        "addr:street": "Neue Aarburgerstrasse",
        "amenity": "pharmacy",
        "branch": "Rothrist",
        "brand": "Amavita",
        "brand:wikidata": "Q93733901",
        "brand:wikipedia": "de:Amavita",
        "healthcare": "pharmacy",
        "name": "Amavita",
        "operator": "GaleniCare",
        "website": "https://www.amavita.ch/de/amavita-apotheke-rothrist"
      },
      "geometry": {
        "type": "Point",
        "coordinates": [
          7.8872649,
          47.3066372
        ]
      },
      "id": "node/7483026290"
    },
    {
      "type": "Feature",
      "properties": {
        "@id": "node/7483095194",
        "addr:city": "Luzern",
        "addr:housenumber": "53",
        "addr:postcode": "6006",
        "addr:street": "Kreuzbuchstrasse",
        "amenity": "pharmacy",
        "branch": "Luzern Würzenbach",
        "brand": "Amavita",
        "brand:wikidata": "Q93733901",
        "brand:wikipedia": "de:Amavita",
        "healthcare": "pharmacy",
        "name": "Amavita",
        "operator": "GaleniCare",
        "phone": "+41588513321",
        "website": "https://www.amavita.ch/de/amavita-apotheke-wurzenbach"
      },
      "geometry": {
        "type": "Point",
        "coordinates": [
          8.3399159,
          47.0543098
        ]
      },
      "id": "node/7483095194"
    },
    {
      "type": "Feature",
      "properties": {
        "@id": "node/7483113605",
        "addr:city": "Pratteln",
        "addr:housenumber": "3",
        "addr:postcode": "4133",
        "addr:street": "Bahnhofstrasse",
        "amenity": "pharmacy",
        "branch": "Pratteln Bahnhof",
        "brand": "Amavita",
        "brand:wikidata": "Q93733901",
        "brand:wikipedia": "de:Amavita",
        "healthcare": "pharmacy",
        "name": "Amavita Pratteln Bahnhof",
        "operator": "GaleniCare",
        "website": "https://www.amavita.ch/de/amavita-apotheke-bahnhof-pratteln"
      },
      "geometry": {
        "type": "Point",
        "coordinates": [
          7.6932648,
          47.521971
        ]
      },
      "id": "node/7483113605"
    },
    {
      "type": "Feature",
      "properties": {
        "@id": "node/7486368942",
        "addr:city": "Arlesheim",
        "addr:country": "CH",
        "addr:housenumber": "9",
        "addr:postcode": "4144",
        "addr:street": "Ermitagestrasse",
        "alt_name": "Topwell Apotheke Birseck",
        "amenity": "pharmacy",
        "branch": "Arlesheim",
        "brand": "Medbase",
        "brand:wikidata": "Q50038690",
        "healthcare": "pharmacy",
        "name": "Medbase Apotheke Arlesheim",
        "operator": "Medbase Apotheken",
        "website": "https://www.topwell.ch/medbaseapothekearlesheimbirseck/"
      },
      "geometry": {
        "type": "Point",
        "coordinates": [
          7.6205719,
          47.4946516
        ]
      },
      "id": "node/7486368942"
    },
    {
      "type": "Feature",
      "properties": {
        "@id": "node/7489015226",
        "addr:city": "Wädenswil",
        "addr:housenumber": "27",
        "addr:postcode": "8820",
        "addr:street": "Oberdorfstrasse",
        "amenity": "pharmacy",
        "branch": "Wädenswil Oberdorf",
        "brand": "Pill Apotheke",
        "dispensing": "yes",
        "drive_through": "no",
        "name": "Pill Apotheke Oberdorf",
        "opening_hours": "Mo-Fr 08:30-19:00; Sa 08:30-17:00",
        "operator": "Pill Group",
        "website": "https://www.pill.ch/standorte/pill-apotheke-oberdorf.html"
      },
      "geometry": {
        "type": "Point",
        "coordinates": [
          8.6679844,
          47.2289896
        ]
      },
      "id": "node/7489015226"
    },
    {
      "type": "Feature",
      "properties": {
        "@id": "node/7489785841",
        "addr:city": "Laufen",
        "addr:country": "CH",
        "addr:housenumber": "11",
        "addr:postcode": "4242",
        "addr:street": "Bahnhofstrasse",
        "alt_name": "DROPA Apotheke Laufen",
        "amenity": "pharmacy",
        "branch": "Laufen",
        "brand": "DROPA",
        "brand:wikidata": "Q1260273",
        "healthcare": "pharmacy",
        "name": "Dropa Laufen",
        "operator": "Dr. Bähler Dropa",
        "website": "https://dropa.ch/standorte/dropa-apotheke-laufen"
      },
      "geometry": {
        "type": "Point",
        "coordinates": [
          7.50152,
          47.420478
        ]
      },
      "id": "node/7489785841"
    },
    {
      "type": "Feature",
      "properties": {
        "@id": "node/7491989729",
        "addr:city": "Regensdorf",
        "addr:postcode": "8105",
        "amenity": "pharmacy",
        "branch": "Regensdorf",
        "brand": "TopPharm",
        "level": "1",
        "name": "TopPharm Zentrums Apotheke",
        "opening_hours": "Mo-Sa 09:00-20:00",
        "operator": "TopPharm Genossenschaft",
        "website": "https://www.apotheke.ch/zentrum-regensdorf"
      },
      "geometry": {
        "type": "Point",
        "coordinates": [
          8.4687064,
          47.4312086
        ]
      },
      "id": "node/7491989729"
    },
    {
      "type": "Feature",
      "properties": {
        "@id": "node/7492158644",
        "addr:city": "Meisterschwanden",
        "addr:housenumber": "4a",
        "addr:postcode": "5616",
        "addr:street": "Lindenmattstrasse",
        "amenity": "pharmacy",
        "branch": "Meisterschwanden",
        "brand": "TopPharm",
        "brand:wikidata": "Q110277794",
        "healthcare": "pharmacy",
        "name": "TopPharm Hallwilersee Apotheke",
        "operator": "TopPharm Genossenschaft",
        "website": "https://www.apotheke.ch/hallwilersee"
      },
      "geometry": {
        "type": "Point",
        "coordinates": [
          8.2279497,
          47.2963676
        ]
      },
      "id": "node/7492158644"
    },
    {
      "type": "Feature",
      "properties": {
        "@id": "node/7492355922",
        "addr:city": "Kleindöttingen",
        "addr:country": "CH",
        "addr:housenumber": "5",
        "addr:postcode": "5314",
        "addr:street": "Hauptstrasse",
        "amenity": "pharmacy",
        "branch": "Kleindöttingen",
        "brand": "TopPharm",
        "check_date": "2025-10-07",
        "name": "TopPharm Apotheke Dr. Voegtli",
        "opening_hours": "Mo-Fr 08:00-12:15,13:30-18:30; Sa 08:00-16:00; Su off",
        "operator": "TopPharm Genossenschaft",
        "website": "https://www.apotheke.ch/drvoegtli",
        "wheelchair": "yes"
      },
      "geometry": {
        "type": "Point",
        "coordinates": [
          8.2493511,
          47.5717776
        ]
      },
      "id": "node/7492355922"
    },
    {
      "type": "Feature",
      "properties": {
        "@id": "node/7492563787",
        "addr:city": "Rheinfelden",
        "addr:housenumber": "4",
        "addr:postcode": "4310",
        "addr:street": "Stadtweg",
        "alt_name": "TopPharm Kapuziner Apotheke Stadtweg",
        "amenity": "pharmacy",
        "branch": "Rheinfelden Stadtweg",
        "brand": "TopPharm",
        "brand:wikidata": "Q110277794",
        "healthcare": "pharmacy",
        "name": "TopPharm",
        "operator": "TopPharm Genossenschaft",
        "website": "https://www.apotheke.ch/kapuziner-stadtweg"
      },
      "geometry": {
        "type": "Point",
        "coordinates": [
          7.7965844,
          47.5518326
        ]
      },
      "id": "node/7492563787"
    },
    {
      "type": "Feature",
      "properties": {
        "@id": "node/7492656017",
        "addr:city": "Binningen",
        "addr:country": "CH",
        "addr:housenumber": "4",
        "addr:postcode": "4102",
        "addr:street": "Hauptstrasse",
        "amenity": "pharmacy",
        "branch": "Binningen Dorenbach",
        "brand": "TopPharm",
        "healthcare": "pharmacy",
        "name": "TopPharm Apotheke Dorenbach",
        "opening_hours": "Mo-Fr 08:00-18:30; Sa 08:00-17:00",
        "operator": "TopPharm Genossenschaft",
        "website": "https://www.apotheke.ch/dorenbach"
      },
      "geometry": {
        "type": "Point",
        "coordinates": [
          7.5749154,
          47.5433997
        ]
      },
      "id": "node/7492656017"
    },
    {
      "type": "Feature",
      "properties": {
        "@id": "node/7610215707",
        "addr:city": "Oberrieden",
        "addr:housenumber": "23",
        "addr:postcode": "8942",
        "addr:street": "Alte Landstrasse",
        "amenity": "pharmacy",
        "dispensing": "yes",
        "drive_through": "no",
        "email": "info@sternen-apo.ch",
        "healthcare": "pharmacy",
        "name": "Sternen Apotheke",
        "opening_hours": "Mo-Fr 08:30-12:00,14:00-18:30; Sa 08:30-12:00",
        "operator": "Dr. Thomas Bohner",
        "phone": "+41 44 720 10 10",
        "website": "http://www.sternen-apo.ch/"
      },
      "geometry": {
        "type": "Point",
        "coordinates": [
          8.5754119,
          47.2788414
        ]
      },
      "id": "node/7610215707"
    },
    {
      "type": "Feature",
      "properties": {
        "@id": "node/7660779256",
        "amenity": "pharmacy",
        "dispensing": "yes",
        "healthcare": "pharmacy",
        "name": "Pharmacie Centrale",
        "phone": "+41 329 107 000",
        "website": "https://www.ecopharma.ch/",
        "wheelchair": "yes"
      },
      "geometry": {
        "type": "Point",
        "coordinates": [
          6.8269099,
          47.1007613
        ]
      },
      "id": "node/7660779256"
    },
    {
      "type": "Feature",
      "properties": {
        "@id": "node/7761461798",
        "addr:city": "Granges-près-Marnand",
        "addr:housenumber": "1",
        "addr:postcode": "1523",
        "addr:street": "Rue du Bas-du-Ru",
        "amenity": "pharmacy",
        "dispensing": "yes",
        "healthcare": "pharmacy",
        "name": "PharmaGranges"
      },
      "geometry": {
        "type": "Point",
        "coordinates": [
          6.8874536,
          46.7632919
        ]
      },
      "id": "node/7761461798"
    },
    {
      "type": "Feature",
      "properties": {
        "@id": "node/7836942794",
        "amenity": "pharmacy",
        "check_date": "2024-10-03",
        "dispensing": "yes",
        "email": "sonnen-apotheke.basel@ifak-hin.ch",
        "healthcare": "pharmacy",
        "name": "Sonnen-Apotheke",
        "opening_hours": "Mo-Fr 08:00-12:15,13:30-18:30; Sa 08:00-12:15,13:30-16:00",
        "phone": "+41 61 381 07 77",
        "website": "https://sonnenapo.feelgoods-apotheken.ch/",
        "wheelchair": "yes"
      },
      "geometry": {
        "type": "Point",
        "coordinates": [
          7.5722114,
          47.5605432
        ]
      },
      "id": "node/7836942794"
    },
    {
      "type": "Feature",
      "properties": {
        "@id": "node/7967037966",
        "amenity": "pharmacy",
        "check_date": "2026-01-05",
        "dispensing": "yes",
        "email": "circle@victoria-apotheke.ch",
        "healthcare": "pharmacy",
        "level": "0",
        "name": "Victoria Apotheke",
        "opening_hours": "Mo-Fr 08:00-19:00; Sa,Su 10:00-17:00",
        "phone": "+41 44 259 80 80",
        "website": "https://www.victoria-apotheke.ch/",
        "wheelchair": "yes"
      },
      "geometry": {
        "type": "Point",
        "coordinates": [
          8.5661071,
          47.4491429
        ]
      },
      "id": "node/7967037966"
    },
    {
      "type": "Feature",
      "properties": {
        "@id": "node/8028020284",
        "amenity": "pharmacy",
        "brand": "Benu",
        "brand:wikidata": "Q62562792",
        "dispensing": "yes",
        "healthcare": "pharmacy",
        "name": "Benu",
        "opening_hours": "Mo-Th 08:00-19:00; Fr 08:00-21:00; Sa 08:00-16:00"
      },
      "geometry": {
        "type": "Point",
        "coordinates": [
          7.1480119,
          46.8100891
        ]
      },
      "id": "node/8028020284"
    },
    {
      "type": "Feature",
      "properties": {
        "@id": "node/8209717346",
        "addr:city": "Brügg BE",
        "addr:housenumber": "12",
        "addr:postcode": "2555",
        "addr:street": "Bielstrasse",
        "amenity": "pharmacy",
        "drive_through": "no",
        "email": "dorfapo.bruegg@ovan.ch",
        "fax": "+41 32 373 33 38",
        "healthcare": "pharmacy",
        "name": "Dorfapotheke Brügg",
        "opening_hours": "Mo-Fr 08:00-12:00,14:00-18:30; Sa 08:00-12:30",
        "operator": "Senne Bron",
        "phone": "+41 32 373 14 60",
        "website": "https://www.dorfapotheke-bruegg.ch/",
        "wheelchair": "yes"
      },
      "geometry": {
        "type": "Point",
        "coordinates": [
          7.2761451,
          47.1256426
        ]
      },
      "id": "node/8209717346"
    },
    {
      "type": "Feature",
      "properties": {
        "@id": "node/8303014760",
        "addr:city": "Brig",
        "addr:housenumber": "1",
        "addr:postcode": "3900",
        "addr:street": "Bahnhofplatz",
        "amenity": "pharmacy",
        "dispensing": "yes",
        "drive_through": "no",
        "email": "info@apobrig.ch",
        "healthcare": "pharmacy",
        "level": "0",
        "name": "Bahnhofapotheke Brig",
        "opening_hours": "Mo-Fr 07:45-18:30; Sa 07:45-17:00; Su,PH 10:00-18:00",
        "operator": "Frau S. Ameti",
        "wheelchair": "yes"
      },
      "geometry": {
        "type": "Point",
        "coordinates": [
          7.9883595,
          46.3192993
        ]
      },
      "id": "node/8303014760"
    },
    {
      "type": "Feature",
      "properties": {
        "@id": "node/8324538713",
        "amenity": "pharmacy",
        "healthcare": "pharmacy",
        "name": "Pharmacie de la Gare de Vevey",
        "opening_hours": "Mo-Fr 07:00-20:00; Sa 08:00-20:00; Su,PH 09:00-18:00",
        "website": "https://www.pharmacie-gare-vevey.ch/",
        "wheelchair": "yes"
      },
      "geometry": {
        "type": "Point",
        "coordinates": [
          6.8430687,
          46.4630544
        ]
      },
      "id": "node/8324538713"
    },
    {
      "type": "Feature",
      "properties": {
        "@id": "node/8411322893",
        "amenity": "pharmacy",
        "brand": "Sun Store",
        "brand:wikidata": "Q2365840",
        "dispensing": "yes",
        "healthcare": "pharmacy",
        "name": "Sun Store"
      },
      "geometry": {
        "type": "Point",
        "coordinates": [
          6.165876,
          46.2805359
        ]
      },
      "id": "node/8411322893"
    },
    {
      "type": "Feature",
      "properties": {
        "@id": "node/8497551220",
        "addr:city": "Lausanne",
        "addr:country": "CH",
        "addr:housename": "Pharmacie de Provence",
        "addr:housenumber": "84",
        "addr:postcode": "1007",
        "addr:street": "Avenue de Provence",
        "amenity": "pharmacy",
        "dispensing": "yes",
        "drive_through": "no",
        "email": "pharmaciedeprovence@ovan.ch",
        "facebook": "pharmaciedeprovence",
        "fax": "+41 21 626 28 61",
        "healthcare": "pharmacy",
        "name": "Pharmacie de Provence",
        "opening_hours": "Mo-Th 07:30-19:00, Fr 07:30-20:00, Sa 08:00-17:00",
        "operator": "Galipro",
        "phone": "+41 21 624 89 60",
        "website": "https://www.galipro.ch",
        "wheelchair": "yes"
      },
      "geometry": {
        "type": "Point",
        "coordinates": [
          6.6024786,
          46.5243647
        ]
      },
      "id": "node/8497551220"
    },
    {
      "type": "Feature",
      "properties": {
        "@id": "node/8568822659",
        "amenity": "pharmacy",
        "healthcare": "pharmacy",
        "name": "Benu"
      },
      "geometry": {
        "type": "Point",
        "coordinates": [
          8.581108,
          47.45252
        ]
      },
      "id": "node/8568822659"
    },
    {
      "type": "Feature",
      "properties": {
        "@id": "node/8806220782",
        "addr:city": "Basel",
        "addr:housenumber": "140",
        "addr:postcode": "4057",
        "addr:street": "Klybeckstrasse",
        "amenity": "pharmacy",
        "check_date": "2025-11-21",
        "check_date:opening_hours": "2023-06-27",
        "dispensing": "yes",
        "healthcare": "pharmacy",
        "name": "Dreirosen Apotheke",
        "opening_hours": "Mo-Fr 08:00-19:30; Sa 08:00-17:00",
        "phone": "+41 61 691 74 88",
        "website": "https://www.dreirosenapotheke.ch/",
        "wheelchair": "yes"
      },
      "geometry": {
        "type": "Point",
        "coordinates": [
          7.5906307,
          47.5689793
        ]
      },
      "id": "node/8806220782"
    },
    {
      "type": "Feature",
      "properties": {
        "@id": "node/8879269712",
        "amenity": "pharmacy",
        "healthcare": "pharmacy",
        "name": "Farmacia Centrale",
        "opening_hours": "Mo-Fr 08:30-18:30; Sa 09:00-14:00",
        "website": "https://www.farmaciacentralelugano.ch"
      },
      "geometry": {
        "type": "Point",
        "coordinates": [
          8.9526747,
          46.005103
        ]
      },
      "id": "node/8879269712"
    },
    {
      "type": "Feature",
      "properties": {
        "@id": "node/8907058780",
        "addr:housenumber": "15",
        "addr:street": "Giacomettistrasse",
        "amenity": "pharmacy",
        "branch": "Vitality Apotheke",
        "brand": "Coop",
        "brand:wikidata": "Q432564",
        "check_date:opening_hours": "2024-08-19",
        "name": "Coop Vitality Bern Freudenberg",
        "opening_hours": "Mo-Th 08:00-19:00; Fr 08:00-21:00; Sa 08:00-17:00",
        "phone": "+41 58 878 89 30",
        "website": "https://www.coopvitality.ch/de/coop-vitality-bern-freudenberg"
      },
      "geometry": {
        "type": "Point",
        "coordinates": [
          7.4721955,
          46.9454132
        ]
      },
      "id": "node/8907058780"
    },
    {
      "type": "Feature",
      "properties": {
        "@id": "node/8926874890",
        "amenity": "pharmacy",
        "healthcare": "pharmacy"
      },
      "geometry": {
        "type": "Point",
        "coordinates": [
          7.6347844,
          46.3169599
        ]
      },
      "id": "node/8926874890"
    },
    {
      "type": "Feature",
      "properties": {
        "@id": "node/8963538012",
        "amenity": "pharmacy",
        "healthcare": "pharmacy",
        "name": "Pharmacie de Cugy"
      },
      "geometry": {
        "type": "Point",
        "coordinates": [
          6.6398455,
          46.5843423
        ]
      },
      "id": "node/8963538012"
    },
    {
      "type": "Feature",
      "properties": {
        "@id": "node/9037108998",
        "addr:city": "Sion",
        "addr:housenumber": "49a",
        "addr:postcode": "1950",
        "addr:street": "Rue de Lausanne",
        "amenity": "pharmacy",
        "dispensing": "yes",
        "healthcare": "pharmacy",
        "name": "Pharmacie Gindre"
      },
      "geometry": {
        "type": "Point",
        "coordinates": [
          7.3540017,
          46.2308508
        ]
      },
      "id": "node/9037108998"
    },
    {
      "type": "Feature",
      "properties": {
        "@id": "node/9081463594",
        "addr:housenumber": "28",
        "addr:street": "Route des Ecluses",
        "amenity": "pharmacy",
        "healthcare": "pharmacy",
        "name": "Pharmacie des Montagnes",
        "opening_hours": "Mo-Fr 08:30-12:00, 14:00-18:30; Sa 08:30-12:00; Sa 14:00-17:00",
        "phone": "+4127 288 30 30",
        "website": "https://www.pharmaciedesmontagnes.ch/"
      },
      "geometry": {
        "type": "Point",
        "coordinates": [
          7.2903098,
          46.1822258
        ]
      },
      "id": "node/9081463594"
    },
    {
      "type": "Feature",
      "properties": {
        "@id": "node/9105793491",
        "amenity": "pharmacy",
        "dispensing": "yes",
        "healthcare": "pharmacy",
        "name": "Farmacia di Agno"
      },
      "geometry": {
        "type": "Point",
        "coordinates": [
          8.9030476,
          45.9978405
        ]
      },
      "id": "node/9105793491"
    },
    {
      "type": "Feature",
      "properties": {
        "@id": "node/9212479094",
        "addr:city": "Corcelles",
        "addr:housenumber": "16",
        "addr:postcode": "2035",
        "addr:street": "Rue du Petit-Berne",
        "amenity": "pharmacy",
        "branch": "Pharmacie des Sources",
        "brand": "Benu",
        "brand:wikidata": "Q62562792",
        "dispensing": "yes",
        "drive_through": "no",
        "healthcare": "pharmacy",
        "name": "Benu",
        "opening_hours": "Mo-Fr 08:00-12:00, Mo-Fr 14:00-18:30",
        "operator": "BENU",
        "phone": "+41 32 730 62 62",
        "website": "https://www.benu.ch/fr/nos-pharmacies/benu-des-sources/",
        "wheelchair": "yes"
      },
      "geometry": {
        "type": "Point",
        "coordinates": [
          6.8750064,
          46.983238
        ]
      },
      "id": "node/9212479094"
    },
    {
      "type": "Feature",
      "properties": {
        "@id": "node/9277750498",
        "amenity": "pharmacy",
        "name": "Pharmacie 2000",
        "opening_hours": "Mo-Fr 07:45-12:15, 13:45-18:30; Sa 07:45-12:00"
      },
      "geometry": {
        "type": "Point",
        "coordinates": [
          7.3578597,
          46.2314755
        ]
      },
      "id": "node/9277750498"
    },
    {
      "type": "Feature",
      "properties": {
        "@id": "node/9384882194",
        "addr:city": "Willisau",
        "addr:housenumber": "40",
        "addr:postcode": "6130",
        "addr:street": "Hauptgasse",
        "amenity": "pharmacy",
        "dog": "no",
        "level": "0",
        "name": "Städtli Drogerie",
        "opening_hours": "Mo-Th 08:00-12:00,13:00-18:30; Fr 08:00-12:00,13:00-20:00; Sa 08:00-16:00; PH off",
        "website": "https://www.staedtlidrogerie.ch",
        "wheelchair": "yes"
      },
      "geometry": {
        "type": "Point",
        "coordinates": [
          7.9898455,
          47.1205661
        ]
      },
      "id": "node/9384882194"
    },
    {
      "type": "Feature",
      "properties": {
        "@id": "node/9483113245",
        "amenity": "pharmacy",
        "brand": "Amavita",
        "brand:wikidata": "Q93733901",
        "healthcare": "pharmacy",
        "name": "Amavita"
      },
      "geometry": {
        "type": "Point",
        "coordinates": [
          6.6333945,
          46.5217094
        ]
      },
      "id": "node/9483113245"
    },
    {
      "type": "Feature",
      "properties": {
        "@id": "node/9544655446",
        "addr:city": "Satigny",
        "addr:housenumber": "229",
        "addr:postcode": "1242",
        "addr:street": "Route d'Aire-la-Ville",
        "amenity": "pharmacy",
        "check_date:opening_hours": "2025-01-18",
        "dispensing": "yes",
        "drive_through": "no",
        "healthcare": "pharmacy",
        "name": "PharmaciePlus du Mandement",
        "opening_hours": "Mo-Fr 08:00-19:00; Sa 09:00-18:00",
        "operator": "PharmaciePlus",
        "phone": "+41 22 753 11 07"
      },
      "geometry": {
        "type": "Point",
        "coordinates": [
          6.0326386,
          46.214083
        ]
      },
      "id": "node/9544655446"
    },
    {
      "type": "Feature",
      "properties": {
        "@id": "node/9670246826",
        "amenity": "pharmacy",
        "dispensing": "yes",
        "healthcare": "pharmacy",
        "name": "Breite-Apotheke",
        "opening_hours": "Mo-Fr 09:00-18:30; Sa 09:00-12:30",
        "post_office": "post_partner",
        "post_office:brand": "Die Post AG",
        "wheelchair": "no"
      },
      "geometry": {
        "type": "Point",
        "coordinates": [
          7.6113761,
          47.5548232
        ]
      },
      "id": "node/9670246826"
    },
    {
      "type": "Feature",
      "properties": {
        "@id": "node/9839280752",
        "addr:city": "Wohlen",
        "addr:housenumber": "2a",
        "addr:postcode": "5610",
        "addr:street": "Friedhofstrasse",
        "amenity": "pharmacy",
        "dispensing": "yes",
        "drive_through": "no",
        "healthcare": "pharmacy",
        "level": "0",
        "name": "Bünz Apotheke",
        "website": "https://www.buenz-apotheke.ch"
      },
      "geometry": {
        "type": "Point",
        "coordinates": [
          8.2768542,
          47.3482936
        ]
      },
      "id": "node/9839280752"
    },
    {
      "type": "Feature",
      "properties": {
        "@id": "node/9904619463",
        "amenity": "pharmacy",
        "healthcare": "pharmacy",
        "name": "Busse"
      },
      "geometry": {
        "type": "Point",
        "coordinates": [
          7.8491978,
          46.6857013
        ]
      },
      "id": "node/9904619463"
    },
    {
      "type": "Feature",
      "properties": {
        "@id": "node/9986164028",
        "addr:city": "Fleurier",
        "addr:postcode": "2114",
        "addr:street": "Rue du Grenier",
        "amenity": "pharmacy",
        "healthcare": "pharmacy",
        "name": "Pharmacieplus Centrale"
      },
      "geometry": {
        "type": "Point",
        "coordinates": [
          6.5806849,
          46.9024494
        ]
      },
      "id": "node/9986164028"
    },
    {
      "type": "Feature",
      "properties": {
        "@id": "node/10091723715",
        "amenity": "pharmacy",
        "dispensing": "yes",
        "healthcare": "pharmacy"
      },
      "geometry": {
        "type": "Point",
        "coordinates": [
          8.8581117,
          46.0055648
        ]
      },
      "id": "node/10091723715"
    },
    {
      "type": "Feature",
      "properties": {
        "@id": "node/10118676417",
        "amenity": "pharmacy",
        "healthcare": "pharmacy",
        "name": "Pharmacie Dubas-Centre",
        "opening_hours": "Mo-Fr 08:00-18:30; Sa 09:00-16:00",
        "survey:date": "2022-10-21"
      },
      "geometry": {
        "type": "Point",
        "coordinates": [
          7.0565758,
          46.6175234
        ]
      },
      "id": "node/10118676417"
    },
    {
      "type": "Feature",
      "properties": {
        "@id": "node/10198294736",
        "addr:city": "Ecublens (VD)",
        "addr:housenumber": "1",
        "addr:postcode": "1024",
        "addr:street": "Chemin du Croset",
        "amenity": "pharmacy",
        "brand:wikidata": "Q93733901",
        "dispensing": "yes",
        "drive_through": "no",
        "healthcare": "pharmacy",
        "name": "Amavita Croset",
        "opening_hours": "Mo-Th 08:30-19:30; Fr 08:30-20:00; Sa 08:00-18:00",
        "operator": "Amavita",
        "phone": "+41 58 878 16 20",
        "website": "https://www.amavita.ch/fr/"
      },
      "geometry": {
        "type": "Point",
        "coordinates": [
          6.5656482,
          46.5340726
        ]
      },
      "id": "node/10198294736"
    },
    {
      "type": "Feature",
      "properties": {
        "@id": "node/10280279400",
        "amenity": "pharmacy",
        "check_date": "2022-12-22",
        "healthcare": "pharmacy",
        "name": "Pharmacie du Levant"
      },
      "geometry": {
        "type": "Point",
        "coordinates": [
          7.0583989,
          46.6214892
        ]
      },
      "id": "node/10280279400"
    },
    {
      "type": "Feature",
      "properties": {
        "@id": "node/10544083266",
        "addr:city": "Genève",
        "addr:postcode": "1207",
        "addr:street": "Boulevard Helvétique",
        "amenity": "pharmacy",
        "healthcare": "pharmacy",
        "name": "La Pharmacie Rive-Gauche",
        "source": "survey"
      },
      "geometry": {
        "type": "Point",
        "coordinates": [
          6.1554796,
          46.2027678
        ]
      },
      "id": "node/10544083266"
    },
    {
      "type": "Feature",
      "properties": {
        "@id": "node/10588777897",
        "amenity": "pharmacy",
        "check_date:opening_hours": "2025-06-05",
        "healthcare": "pharmacy",
        "name": "Apotheke Dr. Stoffel",
        "opening_hours": "Mo-Fr 09:00-19:00; Sa 08:00-18:00",
        "website": "https://www.apotheke-drstoffel.ch"
      },
      "geometry": {
        "type": "Point",
        "coordinates": [
          8.8201461,
          47.2283297
        ]
      },
      "id": "node/10588777897"
    },
    {
      "type": "Feature",
      "properties": {
        "@id": "node/10721665166",
        "amenity": "pharmacy",
        "check_date": "2025-05-09",
        "healthcare": "pharmacy",
        "name": "Tell"
      },
      "geometry": {
        "type": "Point",
        "coordinates": [
          7.5958632,
          47.5425077
        ]
      },
      "id": "node/10721665166"
    },
    {
      "type": "Feature",
      "properties": {
        "@id": "node/10864166722",
        "amenity": "pharmacy",
        "dispensing": "yes",
        "healthcare": "pharmacy",
        "mapillary": "4321131384564562",
        "name": "Central Apotheke"
      },
      "geometry": {
        "type": "Point",
        "coordinates": [
          9.3013565,
          47.5469488
        ]
      },
      "id": "node/10864166722"
    },
    {
      "type": "Feature",
      "properties": {
        "@id": "node/10911607768",
        "amenity": "pharmacy",
        "brand": "Coop Vitality",
        "brand:wikidata": "Q111725297",
        "healthcare": "pharmacy",
        "name": "Coop Vitality"
      },
      "geometry": {
        "type": "Point",
        "coordinates": [
          9.5084065,
          46.8471958
        ]
      },
      "id": "node/10911607768"
    },
    {
      "type": "Feature",
      "properties": {
        "@id": "node/11035670279",
        "amenity": "pharmacy",
        "name": "Amavita"
      },
      "geometry": {
        "type": "Point",
        "coordinates": [
          6.9649454,
          46.3159356
        ]
      },
      "id": "node/11035670279"
    },
    {
      "type": "Feature",
      "properties": {
        "@id": "node/11145780531",
        "addr:city": "Egg",
        "addr:housenumber": "4",
        "addr:postcode": "8132",
        "addr:street": "Dorfplatz",
        "amenity": "pharmacy",
        "healthcare": "pharmacy",
        "name": "Apotheke Dobler"
      },
      "geometry": {
        "type": "Point",
        "coordinates": [
          8.6901599,
          47.3000196
        ]
      },
      "id": "node/11145780531"
    },
    {
      "type": "Feature",
      "properties": {
        "@id": "node/11281382187",
        "addr:city": "Morbio Inferiore",
        "addr:country": "CH",
        "addr:housenumber": "31",
        "addr:postcode": "6834",
        "addr:street": "Via Maestri Comacini",
        "amenity": "pharmacy",
        "healthcare": "pharmacy",
        "name": "Farmacia San Giorgio",
        "phone": "+41 91 695 51 51",
        "source": "website and survey",
        "website": "https://www.farmaciasangiorgio.ch",
        "wheelchair": "yes"
      },
      "geometry": {
        "type": "Point",
        "coordinates": [
          9.0204312,
          45.8504632
        ]
      },
      "id": "node/11281382187"
    },
    {
      "type": "Feature",
      "properties": {
        "@id": "node/11323267713",
        "addr:city": "Mendrisio",
        "addr:country": "CH",
        "addr:housenumber": "26",
        "addr:postcode": "6850",
        "addr:street": "Via Beroldingen",
        "amenity": "pharmacy",
        "dispensing": "yes",
        "drive_through": "no",
        "healthcare": "pharmacy",
        "name": "Farmacia Fuoriporta",
        "opening_hours": "Mo-Fr 08:30-19:00; Sa 09:00-17:00",
        "phone": "+41 91 630 05 22",
        "website": "https://www.farmaciafuoriporta.ch/"
      },
      "geometry": {
        "type": "Point",
        "coordinates": [
          8.9826471,
          45.8714765
        ]
      },
      "id": "node/11323267713"
    },
    {
      "type": "Feature",
      "properties": {
        "@id": "node/11395003444",
        "addr:city": "Bernex",
        "addr:housenumber": "260",
        "addr:postcode": "1233",
        "addr:street": "Rue de Bernex",
        "amenity": "pharmacy",
        "dispensing": "yes",
        "drive_through": "no",
        "healthcare": "pharmacy",
        "name": "Pharmacie de Bernex",
        "opening_hours": "Mo-We,Fr 08:00-12:15,14:00-18:45; Th 08:00-12:15; Sa 09:00-16:15",
        "opening_hours:url": "https://www.pharmashop.swiss/fr/content/12-pharmacie-de-bernex"
      },
      "geometry": {
        "type": "Point",
        "coordinates": [
          6.0740874,
          46.1760944
        ]
      },
      "id": "node/11395003444"
    },
    {
      "type": "Feature",
      "properties": {
        "@id": "node/11462418235",
        "amenity": "pharmacy",
        "healthcare": "pharmacy",
        "name": "Pharmacie de Belfaux"
      },
      "geometry": {
        "type": "Point",
        "coordinates": [
          7.1087287,
          46.8227335
        ]
      },
      "id": "node/11462418235"
    },
    {
      "type": "Feature",
      "properties": {
        "@id": "node/11528060633",
        "amenity": "pharmacy",
        "check_date": "2025-07-02",
        "check_date:currency:XBT": "2025-07-02",
        "currency:XBT": "yes",
        "email": "info@farmaempatia.ch",
        "healthcare": "pharmacy",
        "name": "Farmaempatia | La Farmacia del Quartiere Maghetti",
        "opening_hours": "Mo-Fr 09:00-18:30",
        "payment:lightning": "yes",
        "payment:lightning_contactless": "no",
        "payment:onchain": "no",
        "phone": "+41 91 2233400",
        "website": "https://www.farmaempatia.ch/"
      },
      "geometry": {
        "type": "Point",
        "coordinates": [
          8.9537333,
          46.0051475
        ]
      },
      "id": "node/11528060633"
    },
    {
      "type": "Feature",
      "properties": {
        "@id": "node/11639139548",
        "amenity": "pharmacy",
        "healthcare": "pharmacy",
        "level": "0",
        "name": "Apotheke Zur Rose"
      },
      "geometry": {
        "type": "Point",
        "coordinates": [
          7.4919514,
          47.0171055
        ]
      },
      "id": "node/11639139548"
    },
    {
      "type": "Feature",
      "properties": {
        "@id": "node/11645769411",
        "addr:city": "Genève",
        "addr:housenumber": "3",
        "addr:postcode": "1204",
        "addr:street": "Rue de la Confédération",
        "amenity": "pharmacy",
        "branch": "Cité",
        "brand": "Pharmacie Populaire",
        "brand:wikidata": "Q125537498",
        "dispensing": "yes",
        "drive_through": "no",
        "healthcare": "pharmacy",
        "name": "Pharmacie Populaire",
        "opening_hours": "Mo-Fr 08:00-19:00; Sa 09:00-18:00",
        "operator": "Pharmacie Populaire",
        "phone": "+41 22 318 69 01",
        "website": "https://www.pharmaciepopulaire.ch"
      },
      "geometry": {
        "type": "Point",
        "coordinates": [
          6.1438889,
          46.2039645
        ]
      },
      "id": "node/11645769411"
    },
    {
      "type": "Feature",
      "properties": {
        "@id": "node/11764321113",
        "addr:city": "Oberentfelden",
        "addr:housenumber": "11",
        "addr:postcode": "5036",
        "addr:street": "Muhenstrasse",
        "amenity": "pharmacy",
        "dispensing": "yes",
        "drive_through": "no",
        "healthcare": "pharmacy",
        "name": "Lindenapotheke",
        "phone": "+41 62 737 55 25",
        "website": "https://lindenapo.ch/besuchen-sie-uns/lindenapotheke-oberentfelden/"
      },
      "geometry": {
        "type": "Point",
        "coordinates": [
          8.0476597,
          47.3542691
        ]
      },
      "id": "node/11764321113"
    },
    {
      "type": "Feature",
      "properties": {
        "@id": "node/11882333376",
        "addr:city": "Aubonne",
        "addr:housenumber": "19",
        "addr:street": "Place du Marché",
        "amenity": "pharmacy",
        "healthcare": "pharmacy",
        "name": "PharmaciePlus du Marché",
        "operator": "Pharmacie Plus"
      },
      "geometry": {
        "type": "Point",
        "coordinates": [
          6.3912291,
          46.4952476
        ]
      },
      "id": "node/11882333376"
    },
    {
      "type": "Feature",
      "properties": {
        "@id": "node/12057157023",
        "alt_name": "sunstore FR",
        "amenity": "pharmacy",
        "brand": "Sun Store",
        "brand:wikidata": "Q2365840",
        "healthcare": "pharmacy",
        "name": "Sun Store"
      },
      "geometry": {
        "type": "Point",
        "coordinates": [
          7.1541451,
          46.8041962
        ]
      },
      "id": "node/12057157023"
    },
    {
      "type": "Feature",
      "properties": {
        "@id": "node/12106890746",
        "addr:housenumber": "125",
        "addr:street": "Schaffhauserstrasse",
        "amenity": "pharmacy",
        "name": "Rex Apotheke",
        "opening_hours": "Mo-Fr 08:00-18:30; Sa 08:00-17:00",
        "website": "https://www.rexapotheke.ch/",
        "wheelchair": "yes"
      },
      "geometry": {
        "type": "Point",
        "coordinates": [
          8.5810015,
          47.4509987
        ]
      },
      "id": "node/12106890746"
    },
    {
      "type": "Feature",
      "properties": {
        "@id": "node/12193218418",
        "amenity": "pharmacy",
        "healthcare": "pharmacy",
        "name": "Farmacia Verbano"
      },
      "geometry": {
        "type": "Point",
        "coordinates": [
          8.814511,
          46.1772543
        ]
      },
      "id": "node/12193218418"
    },
    {
      "type": "Feature",
      "properties": {
        "@id": "node/12265790296",
        "amenity": "pharmacy",
        "healthcare": "pharmacy",
        "name": "Pharmacie du Levant"
      },
      "geometry": {
        "type": "Point",
        "coordinates": [
          7.0555702,
          46.6190593
        ]
      },
      "id": "node/12265790296"
    },
    {
      "type": "Feature",
      "properties": {
        "@id": "node/12300367195",
        "amenity": "pharmacy",
        "email": "info@fortunaapochur.ch",
        "healthcare": "pharmacy",
        "name": "TopPharm Fortuna Apotheke Chur",
        "opening_hours": "Mo-Fr 08:00-12:00,13:30-18:30; Sa 08:00-13:00; Su off",
        "phone": "+41 81 284 20 22",
        "website": "https://www.toppharm.ch/fortuna-chur",
        "wheelchair": "yes"
      },
      "geometry": {
        "type": "Point",
        "coordinates": [
          9.5269156,
          46.8579443
        ]
      },
      "id": "node/12300367195"
    },
    {
      "type": "Feature",
      "properties": {
        "@id": "node/12371677766",
        "addr:city": "Suhr",
        "addr:country": "CH",
        "addr:housenumber": "101",
        "addr:postcode": "5034",
        "addr:street": "Tramstrasse",
        "amenity": "pharmacy",
        "fax": "+41 62 822 70 62",
        "healthcare": "pharmacy",
        "name": "Feld-Apotheke",
        "opening_hours": "Mo-Fr 08:00-12:15,13:30-18:30; Sa 08:00-16:00",
        "phone": "+41 62 822 70 70",
        "website": "http://www.feldapotheke.ch/"
      },
      "geometry": {
        "type": "Point",
        "coordinates": [
          8.0679722,
          47.3856628
        ]
      },
      "id": "node/12371677766"
    },
    {
      "type": "Feature",
      "properties": {
        "@id": "node/12546601315",
        "addr:city": "Winterthur",
        "addr:housenumber": "34",
        "addr:postcode": "8405",
        "addr:street": "Kanzleistrasse",
        "amenity": "pharmacy",
        "dispensing": "yes",
        "drive_through": "no",
        "healthcare": "pharmacy",
        "name": "Post Apotheke",
        "opening_hours": "Mo-Fr 08:00-12:15, 13:45-18:30; Sa 08:00-16:00",
        "operator": "Post Apotheke Winterthur AG"
      },
      "geometry": {
        "type": "Point",
        "coordinates": [
          8.764709,
          47.4854996
        ]
      },
      "id": "node/12546601315"
    },
    {
      "type": "Feature",
      "properties": {
        "@id": "node/12745914060",
        "amenity": "pharmacy",
        "brand": "Amavita",
        "brand:wikidata": "Q93733901",
        "healthcare": "pharmacy",
        "name": "Amavita"
      },
      "geometry": {
        "type": "Point",
        "coordinates": [
          7.5842959,
          47.1967623
        ]
      },
      "id": "node/12745914060"
    },
    {
      "type": "Feature",
      "properties": {
        "@id": "node/12811154230",
        "addr:housenumber": "8",
        "addr:street": "Ruopigenplatz",
        "amenity": "pharmacy",
        "check_date": "2025-05-05",
        "drive_through": "no",
        "email": "apotheke-ruopigen@ovan.ch",
        "healthcare": "pharmacy",
        "name": "Ruopigen Rotpunkt Apotheke",
        "opening_hours": "Mo-Th 08:00-19:00; Fr 08:00-20:00; Sa 08:00-17:00; Su off",
        "phone": "+41 41 259 22 59",
        "website": "https://www.apotheke-ruopigen.ch",
        "wheelchair": "yes"
      },
      "geometry": {
        "type": "Point",
        "coordinates": [
          8.2741169,
          47.0614137
        ]
      },
      "id": "node/12811154230"
    },
    {
      "type": "Feature",
      "properties": {
        "@id": "node/13045900699",
        "addr:city": "Vésenaz",
        "addr:housenumber": "55",
        "addr:postcode": "1222",
        "addr:street": "Route de Thonon",
        "amenity": "pharmacy",
        "brand": "Sun Store",
        "brand:wikidata": "Q2365840",
        "healthcare": "pharmacy",
        "name": "Sun Store"
      },
      "geometry": {
        "type": "Point",
        "coordinates": [
          6.1986564,
          46.2403265
        ]
      },
      "id": "node/13045900699"
    },
    {
      "type": "Feature",
      "properties": {
        "@id": "node/13077497242",
        "amenity": "pharmacy",
        "healthcare": "pharmacy",
        "name": "Pharmacie Fasmeyer"
      },
      "geometry": {
        "type": "Point",
        "coordinates": [
          7.359172,
          46.2325612
        ]
      },
      "id": "node/13077497242"
    },
    {
      "type": "Feature",
      "properties": {
        "@id": "node/13110710301",
        "addr:city": "Basel",
        "addr:housenumber": "5",
        "addr:postcode": "4051",
        "addr:street": "Marktgasse",
        "amenity": "pharmacy",
        "check_date": "2025-08-31",
        "dispensing": "yes",
        "drive_through": "no",
        "email": "schifflaende.apo.basel@ifak-hin.ch",
        "healthcare": "pharmacy",
        "name": "Schifflände Apotheke",
        "opening_hours": "Mo-Fr 07:30-18:30; Sa 08:00-16:00; PH off",
        "operator": "Dr. Tscheulin AG",
        "phone": "+41 61 261 49 48",
        "website": "https://www.schifflaende-apotheke.ch/"
      },
      "geometry": {
        "type": "Point",
        "coordinates": [
          7.5875775,
          47.5595324
        ]
      },
      "id": "node/13110710301"
    },
    {
      "type": "Feature",
      "properties": {
        "@id": "node/13163231745",
        "amenity": "pharmacy",
        "brand": "Sun Store",
        "brand:wikidata": "Q2365840",
        "healthcare": "pharmacy",
        "name": "Sun Store"
      },
      "geometry": {
        "type": "Point",
        "coordinates": [
          6.1484525,
          46.2101701
        ]
      },
      "id": "node/13163231745"
    },
    {
      "type": "Feature",
      "properties": {
        "@id": "node/13265064647",
        "addr:city": "Dübendorf",
        "addr:housenumber": "18a",
        "addr:postcode": "8600",
        "addr:street": "Ringstrasse",
        "amenity": "pharmacy",
        "dispensing": "yes",
        "drive_through": "no",
        "healthcare": "pharmacy",
        "name": "Smartpharm",
        "opening_hours": "Mo-Fr 08:00-19:00; Sa 08:00-17:00; PH off",
        "post_office": "post_partner",
        "post_office:website": "https://places.post.ch/de/001PST_001221176",
        "website": "https://ihre-apotheke.ch/de/2123/duebendorf/apotheke-smartpharm-apotheke-ringstrasse-ag"
      },
      "geometry": {
        "type": "Point",
        "coordinates": [
          8.604491,
          47.3984796
        ]
      },
      "id": "node/13265064647"
    },
    {
      "type": "Feature",
      "properties": {
        "@id": "node/13325667601",
        "addr:housenumber": "21",
        "addr:postcode": "1215",
        "addr:street": "Route de l'Aéroport",
        "amenity": "pharmacy",
        "name": "Pharmacie principale",
        "opening_hours": "Mo-Su 06:00-21:00"
      },
      "geometry": {
        "type": "Point",
        "coordinates": [
          6.1071367,
          46.2299924
        ]
      },
      "id": "node/13325667601"
    },
    {
      "type": "Feature",
      "properties": {
        "@id": "node/13377850601",
        "addr:housenumber": "12",
        "addr:postcode": "1003",
        "addr:street": "Rue Etraz",
        "amenity": "pharmacy",
        "email": "lausanne-etraz@benu.ch",
        "name": "Benu Pharmacie",
        "opening_hours": "Mo-Fr 08:00-18:30; Sa 09:00-16:00",
        "phone": "+41 21 323 52 10",
        "website": "https://www.benu.ch/"
      },
      "geometry": {
        "type": "Point",
        "coordinates": [
          6.6389221,
          46.5191867
        ]
      },
      "id": "node/13377850601"
    },
    {
      "type": "Feature",
      "properties": {
        "@id": "node/13524173358",
        "amenity": "pharmacy",
        "healthcare": "pharmacy",
        "name": "Rhein-Apotheke"
      },
      "geometry": {
        "type": "Point",
        "coordinates": [
          7.5937199,
          47.5819496
        ]
      },
      "id": "node/13524173358"
    },
    {
      "type": "Feature",
      "properties": {
        "@id": "node/13667138635",
        "addr:city": "St.Gallen",
        "addr:housenumber": "25",
        "addr:postcode": "9000",
        "addr:street": "Vadianstrasse",
        "amenity": "pharmacy",
        "brand": "Coop Vitality",
        "brand:wikidata": "Q111725297",
        "check_date": "2026-03-21",
        "healthcare": "pharmacy",
        "name": "Coop Vitality"
      },
      "geometry": {
        "type": "Point",
        "coordinates": [
          9.3713322,
          47.421939
        ]
      },
      "id": "node/13667138635"
    },
    {
      "type": "Feature",
      "properties": {
        "@id": "node/13835470468",
        "amenity": "pharmacy",
        "brand": "Benu",
        "brand:wikidata": "Q62562792",
        "healthcare": "pharmacy",
        "name": "Benu"
      },
      "geometry": {
        "type": "Point",
        "coordinates": [
          7.3845063,
          46.2312509
        ]
      },
      "id": "node/13835470468"
    }
  ]
}